1.413472514173469463e+01
2.102203963877155601e+01
2.501085758014568938e+01
3.042487612585951240e+01
3.293506158773919168e+01
3.758617815882567470e+01
4.091871901214749840e+01
4.332707328091500187e+01
4.800515088116716100e+01
4.977383247767230046e+01
5.297032147771446375e+01
5.644624769706339151e+01
5.934704400260235246e+01
6.083177852460980972e+01
6.511254404808160245e+01
6.707981052949416778e+01
6.954640171117398495e+01
7.206715767448190491e+01
7.570469069908392612e+01
7.714484006887479950e+01
7.933737502024936816e+01
8.291038085408602853e+01
8.473549298051705136e+01
8.742527461312522519e+01
8.880911120763445865e+01
9.249189927055849125e+01
9.465134404051988781e+01
9.587063422824530790e+01
9.883119421819368711e+01
1.013178510057313844e+02
1.037255380404783409e+02
1.054466230523260890e+02
1.071686111842764006e+02
1.110295355431696720e+02
1.118746591769926368e+02
1.143202209154527083e+02
1.162266803208575539e+02
1.187907828659762117e+02
1.213701250024206502e+02
1.229468292935525824e+02
1.242568185543457702e+02
1.275166838795964992e+02
1.295787041999560643e+02
1.310876885309326667e+02
1.334977372029975982e+02
1.347565097533738765e+02
1.381160420545334375e+02
1.397362089521213875e+02
1.411237074040211326e+02
1.431118458076206252e+02
1.460009824867655084e+02
1.474227653425596145e+02
1.500535204207848778e+02
1.509252576122414666e+02
1.530246938111988868e+02
1.561129092942378804e+02
1.575975918175940649e+02
1.588499881714205060e+02
1.611889641375960309e+02
1.630307096871819965e+02
1.655370691879004141e+02
1.671844399781745096e+02
1.690945154155688215e+02
1.699119764794116918e+02
1.734115365195915501e+02
1.747541915233657335e+02
1.764414342977104297e+02
1.783774077760999717e+02
1.799164840202570019e+02
1.822070784843664626e+02
1.848744678483874964e+02
1.855987836777074733e+02
1.872289225835018556e+02
1.894161586560169326e+02
1.920266563607137869e+02
1.930797266038456996e+02
1.952653966795292320e+02
1.968764818409583199e+02
1.980153096762519169e+02
2.012647519437038000e+02
2.024935945141405398e+02
2.041896718031045452e+02
2.053946972021632860e+02
2.079062588878062172e+02
2.095765097168562647e+02
2.116908625953653029e+02
2.133479193597126766e+02
2.145470447834914296e+02
2.161695385082637131e+02
2.190675963490213860e+02
2.207149188393140093e+02
2.214307055546933327e+02
2.240070002546043213e+02
2.249833246695822879e+02
2.274214442796792923e+02
2.293374133055253594e+02
2.312501887004991659e+02
2.319872352531802449e+02
2.336934041789083096e+02
2.365242296658161933e+02
2.377698204809252047e+02
2.395554775733276358e+02
2.410491577962165763e+02
2.428232719342225892e+02
2.440708984970781614e+02
2.471369900748975112e+02
2.481019900601484665e+02
2.495736896447072013e+02
2.510149477950160133e+02
2.530699867479994793e+02
2.553062564549140347e+02
2.563807136944344620e+02
2.586104394915313947e+02
2.598744069896779934e+02
2.608050845045968913e+02
2.635738939048701468e+02
2.655578518388763314e+02
2.666149737815010781e+02
2.679219150828240572e+02
2.699704490239976167e+02
2.714940556416449908e+02
2.734596091884033058e+02
2.755874926493438579e+02
2.764520495031329119e+02
2.782507435298419409e+02
2.792292509277451700e+02
2.824651147650520784e+02
2.832111857332338900e+02
2.848359639809047508e+02
2.866674453630029120e+02
2.879119205014221734e+02
2.895798549292188113e+02
2.918462913290674123e+02
2.935584341393562795e+02
2.949653696192655161e+02
2.955732548789582665e+02
2.979792770619434350e+02
2.998403260537212986e+02
3.016493254621941560e+02
3.026967495896068954e+02
3.048643713408573035e+02
3.057289126020368144e+02
3.072194961281700785e+02
3.101094631467018985e+02
3.111651415303559816e+02
3.124278011806009090e+02
3.139852857311589105e+02
3.154756160894757500e+02
3.177348059423702011e+02
3.188531042563166125e+02
3.211601343091135732e+02
3.221445586724829582e+02
3.234669695575120727e+02
3.248628660517396156e+02
3.274439012619054665e+02
3.290330716804809299e+02
3.299532397282338820e+02
3.314744675826634079e+02
3.336453785248698409e+02
3.342113548332443997e+02
3.368418504283906714e+02
3.383399928508065955e+02
3.398582167253635475e+02
3.410422611110465709e+02
3.420548775103636103e+02
3.446617029402523258e+02
3.463478705660099308e+02
3.472726775844204781e+02
3.493162608706961691e+02
3.504084193491921155e+02
3.518786490253592660e+02
3.534889004887187980e+02
3.560175749772649283e+02
3.571513022520396134e+02
3.579526851016322553e+02
3.597437549531144327e+02
3.612893616958046437e+02
3.633313305789738479e+02
3.647360241140889912e+02
3.662127102883313228e+02
3.679935754817403222e+02
3.689684380957343706e+02
3.700509192121060096e+02
3.730619283721128454e+02
3.738648739109085568e+02
3.758259127667393500e+02
3.763240922306680432e+02
3.784366802499654909e+02
3.798729753465323711e+02
3.814844686171865078e+02
3.834435294495364701e+02
3.849561168148636625e+02
3.858613008459742559e+02
3.872228902223880027e+02
3.888461283542322349e+02
3.914560835636380602e+02
3.922450833395191125e+02
3.934277438444340191e+02
3.955828700109937017e+02
3.963818542225922101e+02
3.979187362096142238e+02
3.999851198761949149e+02
4.018392286005332039e+02
4.028619177638861402e+02
4.042364418002080129e+02
4.051343874599099308e+02
4.075814603868961967e+02
4.089472455023511088e+02
4.105138691933666450e+02
4.119722678042787720e+02
4.132627360701850421e+02
4.150188097551551323e+02
4.154552149962946146e+02
4.183877057895347775e+02
4.198613648181523104e+02
4.206438276250418085e+02
4.220767100588267340e+02
4.237165796274817922e+02
4.250698824944613534e+02
4.272088250840745900e+02
4.281279140766166620e+02
4.303287454309386248e+02
4.313013069307036176e+02
4.321386417345885889e+02
4.338892184809272408e+02
4.361610064326469569e+02
4.375816981676686055e+02
4.386217386562722140e+02
4.399184422143706570e+02
4.416831992011890407e+02
4.429045463026094467e+02
4.443193362775591595e+02
4.468606226964295161e+02
4.474417041944932976e+02
4.491485456850232936e+02
4.501269457803135197e+02
4.514033084453888023e+02
4.539867378066779224e+02
4.549746837686167851e+02
4.563284266892460437e+02
4.579038930641029879e+02
4.595134152811060062e+02
4.600879444221758376e+02
4.620653672748825329e+02
4.640572869105482710e+02
4.656715392113711118e+02
4.665702869308262279e+02
4.674390462102616652e+02
4.695360045591120297e+02
4.707736554781016594e+02
4.727991746619088076e+02
4.738352323451396728e+02
4.756003393693757744e+02
4.767690152374844956e+02
4.780752637666709575e+02
4.789421815346348126e+02
4.818303393762865880e+02
4.828347827909823877e+02
4.838514272124825197e+02
4.855391481293560219e+02
4.865287182616512496e+02
4.883805670900174505e+02
4.896617615779561561e+02
4.913988215936630013e+02
4.933144415817852746e+02
4.939579978053694731e+02
4.953588288221312723e+02
4.964296962157591224e+02
4.985807824296865647e+02
5.003090849416905144e+02
5.016044469651454847e+02
5.022762703271182545e+02
5.044997733134277382e+02
5.054152317422444298e+02
5.064641527095235460e+02
5.088007003364677985e+02
5.102642279436728359e+02
5.115622897003746061e+02
5.126231445314074335e+02
5.136689855554736823e+02
5.154350571672994192e+02
5.175896685724674171e+02
5.182342231475500967e+02
5.201063104117232569e+02
5.215251934494920079e+02
5.224566961777302367e+02
5.239605308920158677e+02
5.250773856872796159e+02
5.279036416012723976e+02
5.284062138522926944e+02
5.298062263187068766e+02
5.308669178839610368e+02
5.326881830282936789e+02
5.337796307537687426e+02
5.356643140758732216e+02
5.370697590831223351e+02
5.384285261762479422e+02
5.402131663762281732e+02
5.406313902472951440e+02
5.418474371212013239e+02
5.443238901010053041e+02
5.456368332489348631e+02
5.470109120581222442e+02
5.479316133644892943e+02
5.494975675626614020e+02
5.509700100394838955e+02
5.520495722005648531e+02
5.537649721191588696e+02
5.557920205616825342e+02
5.568994764068553422e+02
5.575646591720585548e+02
5.593162370286821670e+02
5.602408074972956911e+02
5.625592076160457964e+02
5.641608791107861407e+02
5.645060559381498706e+02
5.666987876828079607e+02
5.677317579011769340e+02
5.689239551796293881e+02
5.700511147824636282e+02
5.724199841324527824e+02
5.736146105267581561e+02
5.750938860144948421e+02
5.758072471409287800e+02
5.770390034720982158e+02
5.790988346720365598e+02
5.801369593623845731e+02
5.819465762659016264e+02
5.832360882191672999e+02
5.845617059034655085e+02
5.859845632049882624e+02
5.867427718912501859e+02
5.881396632662479078e+02
5.906603975167653289e+02
5.917258580650481008e+02
5.925713583002255973e+02
5.939747146822310242e+02
5.957281536973889615e+02
5.963627683283937131e+02
5.984930773461647959e+02
5.995456403643648855e+02
6.016021367359326177e+02
6.025791678863873813e+02
6.036256189035791522e+02
6.046162184937531947e+02
6.063834604221090103e+02
6.084132173111872817e+02
6.093895751547200916e+02
6.108391629377393883e+02
6.117742096208871772e+02
6.135997786756371397e+02
6.146462378722326321e+02
6.155385633694070293e+02
6.181128313664423786e+02
6.191844825979536608e+02
6.202728936722274966e+02
6.217092945279486003e+02
6.223750027397790063e+02
6.242699000181778501e+02
6.260192834276543863e+02
6.272683968507830059e+02
6.283258623594604160e+02
6.304738874382920812e+02
6.308057809271975884e+02
6.322251411671159076e+02
6.335468582522518091e+02
6.355238003106054521e+02
6.373971931598373430e+02
6.379255139808225294e+02
6.389279382668568132e+02
6.406947946688256934e+02
6.419454996657052561e+02
6.432788837813978944e+02
6.449905782297480528e+02
6.463481915955015893e+02
6.477617530042888347e+02
6.487864008887823957e+02
6.501975193452564099e+02
6.506686838913959718e+02
6.536495716053947262e+02
6.543019205863193974e+02
6.557094630223556351e+02
6.569640845994606480e+02
6.581756144186053916e+02
6.596638459729640545e+02
6.607167325952792680e+02
6.622965864311004225e+02
6.642446046522729830e+02
6.653427630955990253e+02
6.665151477041729322e+02
6.671484948945554834e+02
6.689758488202351145e+02
6.703235852058626278e+02
6.724581835841697739e+02
6.730435782861476355e+02
6.743558978101232242e+02
6.761396743636267956e+02
6.772301806687639782e+02
6.778004447462213875e+02
6.797421978825282167e+02
6.818949915331519378e+02
6.826027350197505257e+02
6.840135498138695311e+02
6.849726298620984153e+02
6.861632235877279982e+02
6.879615431847036007e+02
6.893689413622723805e+02
6.904747350323503952e+02
6.924516844155208446e+02
6.931769700606017750e+02
6.945339086998731091e+02
6.957263359209267719e+02
6.966260699003456693e+02
6.991320954760135464e+02
7.002967391321434434e+02
7.013017429546461017e+02
7.022273431457605284e+02
7.040338392955253539e+02
7.051258139546192751e+02
7.061846547995179435e+02
7.082690708851099544e+02
7.092295885702842497e+02
7.111302741796854434e+02
7.119002899143753211e+02
7.127493834701012929e+02
7.140827718206694499e+02
7.161123964540521456e+02
7.174825697031002392e+02
7.187427865454858420e+02
7.196971009883657189e+02
7.213511622185363876e+02
7.222775049756742192e+02
7.238458210451284458e+02
7.245626138903791116e+02
7.270564032300493409e+02
7.284054815889340944e+02
7.287587497956142215e+02
7.304164821227564062e+02
7.314173549185985621e+02
7.328180527144997995e+02
7.347896432523780277e+02
7.357654592085783634e+02
7.370529289122653154e+02
7.385804211713738141e+02
7.399095236740419068e+02
7.405738074472950530e+02
7.417573355729416562e+02
7.438950131424736583e+02
7.453449895506118992e+02
7.464993058994323292e+02
7.476745636242695809e+02
7.482427544650845448e+02
7.506559503621242584e+02
7.509663810666507970e+02
7.528876215672023591e+02
7.543223704717127021e+02
7.558393089760378416e+02
7.567682484399509804e+02
7.581017292464125603e+02
7.589002382248924050e+02
7.602823669835120199e+02
7.627000332496910460e+02
7.635930661728372115e+02
7.643075227241802168e+02
7.660875400998362466e+02
7.672184721555395299e+02
7.682814618065092418e+02
7.696934072526244108e+02
7.710708393136783343e+02
7.729616175657570238e+02
7.741177446279405103e+02
7.750478470965805400e+02
7.759997119631714213e+02
7.772997485295925344e+02
7.791570769491889905e+02
7.803489250041816376e+02
7.821376643908121196e+02
7.825979439460735421e+02
7.842888226124655375e+02
7.857390897007149988e+02
7.864611474505062461e+02
7.874684638159100132e+02
7.900590923641195786e+02
7.908316204679210841e+02
7.924277076086045781e+02
7.928886525626226103e+02
7.944837918698931389e+02
7.956065961561623681e+02
7.972634700380356207e+02
7.987075701662962501e+02
7.996543362108976680e+02
8.016042464629820188e+02
8.025419848784181340e+02
8.032430962042701594e+02
8.047622391126617458e+02
8.058616356670947880e+02
8.081518149359937979e+02
8.091977833633006867e+02
8.100818048864070988e+02
8.111843588465062567e+02
8.127711083891093722e+02
8.140459136075110109e+02
8.148705396258725386e+02
8.167277377143947206e+02
8.183806688663617024e+02
8.192046421708238313e+02
8.207218984438692360e+02
8.217134541333794004e+02
8.221977574934043105e+02
8.245262938716297185e+02
8.260392873765744071e+02
8.269058109540807209e+02
8.283401743004899345e+02
8.294370109683093233e+02
8.308958840533174453e+02
8.317997776590706280e+02
8.330036409091542282e+02
8.346519151478255480e+02
8.366935761875918161e+02
8.373473350595314741e+02
8.382490219927321959e+02
8.394653948102824188e+02
8.410363898290133875e+02
8.420413542065264210e+02
8.441661966073507983e+02
8.448059939757637267e+02
8.461947699276939829e+02
8.479717176395120077e+02
8.484892811809435216e+02
8.498622743486978379e+02
8.506454484660040407e+02
8.531631125833891929e+02
8.540955117198690232e+02
8.552867102444049578e+02
8.564841174907916184e+02
8.573107406026038007e+02
8.589040264664756705e+02
8.604106708960147216e+02
8.611710982127153784e+02
8.631897197719089263e+02
8.643408239300695186e+02
8.655946643265159537e+02
8.664237399040426908e+02
8.676931226117850429e+02
8.686704942291315774e+02
8.708469023257540584e+02
8.721887508216132119e+02
8.730989789712820084e+02
8.739083892353374949e+02
8.759852851087803174e+02
8.766008258330274430e+02
8.776546983410335088e+02
8.793809519697909991e+02
8.808346488479394338e+02
8.823866966271964429e+02
8.834303318387015906e+02
8.841987431145947767e+02
8.852723044796171052e+02
8.868528019629162600e+02
8.884755666738171840e+02
8.897352942940907496e+02
8.908131321125280238e+02
8.923864332601558544e+02
8.931191175672942109e+02
8.948862923208687334e+02
8.953979196747829974e+02
8.966322515562027320e+02
8.992215226683833862e+02
8.998588846079375116e+02
9.008497398605213675e+02
9.022432075867523054e+02
9.030996744426304303e+02
9.047029027222813511e+02
9.058299407582221647e+02
9.076567294689675691e+02
9.083335436450608995e+02
9.101863340571798062e+02
9.112349514859555484e+02
9.123310456000356226e+02
9.128239992467433694e+02
9.147300969583756114e+02
9.163550008086427852e+02
9.178253775704267809e+02
9.188365352435290561e+02
9.194483444396822733e+02
9.211563955071547980e+02
9.225006293066368244e+02
9.232857198024222498e+02
9.247734839334766548e+02
9.265515527846030182e+02
9.278508589857535753e+02
9.286636593289348411e+02
9.298740928506477985e+02
9.310092113366280273e+02
9.318527407455201228e+02
9.343853068372584403e+02
9.349954248638464378e+02
9.362286493792829560e+02
9.375329257119703925e+02
9.390243008992183604e+02
9.396609406145281582e+02
9.411569996420423649e+02
9.420523416433754846e+02
9.441880358095727388e+02
9.453335625030459823e+02
9.467658422047278464e+02
9.470791830962548374e+02
9.483466462550450160e+02
9.501516126846438510e+02
9.510332487338234841e+02
9.527279886198506347e+02
9.541297192695514013e+02
9.548293089382166272e+02
9.566754793432897941e+02
9.575100525964237477e+02
9.584145933901361332e+02
9.594591688070680675e+02
9.616695724741927052e+02
9.631820866713114810e+02
9.635670401916122501e+02
9.650555796237511004e+02
9.661107548184102143e+02
9.673711537662628643e+02
9.686363019060872830e+02
9.701256105569411829e+02
9.710714914863857530e+02
9.731853612943011740e+02
9.738730789926536318e+02
9.747746350658374013e+02
9.761785024205896661e+02
9.769172021170505786e+02
9.787666715351130051e+02
9.805780006397744728e+02
9.812886153017590232e+02
9.823964851687790087e+02
9.835750760064313454e+02
9.851869286557733858e+02
9.861305151101845468e+02
9.867560084076560543e+02
9.889926223706573865e+02
9.902239178040280194e+02
9.913742941477614750e+02
9.927286963367326962e+02
9.932145809574429904e+02
9.944045905710944453e+02
9.962053361642982736e+02
9.975119347519391795e+02
9.988275471369296383e+02
9.997915715574129081e+02
1.001349482637782785e+03
1.002404305488391742e+03
1.003267808179453255e+03
1.004675044121172846e+03
1.005543420304378401e+03
1.008006704307063615e+03
1.008795709900742281e+03
1.009806590746964616e+03
1.010569757011061029e+03
1.012410042515761575e+03
1.013058638098409006e+03
1.014689632622370368e+03
1.016060178942647326e+03
1.017266402364355372e+03
1.018605572518620193e+03
1.019912439743943992e+03
1.020917475017263655e+03
1.021544344499904696e+03
1.022885270911716361e+03
1.025265724197727650e+03
1.025707944371462872e+03
1.027467693515587825e+03
1.028128964255497522e+03
1.029227297443961334e+03
1.030897368790596602e+03
1.031833180297407807e+03
1.032812883035158848e+03
1.034612915529520706e+03
1.036195917358054658e+03
1.037024707646281740e+03
1.038087752240618784e+03
1.039077401436896707e+03
1.040264037937695775e+03
1.041621528014542264e+03
1.043623954349621499e+03
1.044514975829078821e+03
1.045107042352977942e+03
1.047089817484294826e+03
1.047987147489600375e+03
1.048953785194685906e+03
1.049996284256593299e+03
1.051576571843205102e+03
1.053245785158385843e+03
1.054781039478281400e+03
1.055002146475685777e+03
1.056688847363828245e+03
1.057100043659617768e+03
1.059133769106897034e+03
1.060139518561607929e+03
1.061501304465068415e+03
1.062915381507880511e+03
1.064071551071718432e+03
1.065121855106292969e+03
1.066463223469243076e+03
1.067418860120964609e+03
1.067990000079042602e+03
1.070535041996829250e+03
1.071618623215089428e+03
1.072543998011121630e+03
1.073570353165093820e+03
1.074747771044311094e+03
1.076266625594177412e+03
1.076924056065754485e+03
1.078647198480956376e+03
1.079809965429259137e+03
1.081171002343467762e+03
1.082952749723069701e+03
1.083295466514085547e+03
1.084183264310430104e+03
1.085647831208639445e+03
1.086911998989825179e+03
1.088755724674808789e+03
1.089795337924074829e+03
1.090863191026248842e+03
1.091728472966936806e+03
1.093440873272368663e+03
1.094284457523754099e+03
1.095433084758661380e+03
1.096401917794742531e+03
1.098841015466649878e+03
1.099360667178571703e+03
1.100574460622462539e+03
1.101839111168756062e+03
1.102551779899917619e+03
1.103732297174546829e+03
1.105617188830761961e+03
1.106774371675832754e+03
1.107774531955010161e+03
1.109158918856766377e+03
1.110444142993613241e+03
1.111443504764899899e+03
1.112432995408076522e+03
1.113397595114802016e+03
1.115065359461566686e+03
1.116787253881214610e+03
1.117965919669199593e+03
1.118684134861018492e+03
1.119473247426178887e+03
1.121155937675810492e+03
1.122458621356880485e+03
1.123101117387809154e+03
1.125314729397846577e+03
1.125763442429252564e+03
1.127658023527215619e+03
1.128430224613892733e+03
1.129728996777065504e+03
1.130391597896231588e+03
1.131495085561916994e+03
1.133708625669456296e+03
1.134885654591533239e+03
1.135562213975477562e+03
1.136929293480969591e+03
1.138151589779805590e+03
1.138992341820493721e+03
1.140721848171903275e+03
1.141261022964136828e+03
1.142858659607856453e+03
1.144782299518625450e+03
1.145485327517117184e+03
1.146576814924866994e+03
1.147501776523319222e+03
1.148615277208833959e+03
1.149982601028107183e+03
1.151562814723673227e+03
1.152943128530589775e+03
1.153890303716271319e+03
1.154697519535382298e+03
1.156621567833872632e+03
1.157432314575610917e+03
1.158001609027294990e+03
1.159480657019022374e+03
1.161396644634378163e+03
1.162487528602005341e+03
1.163701031682778648e+03
1.164737586351227719e+03
1.165271227706457694e+03
1.166943613409528780e+03
1.168086271610138738e+03
1.169698356884885015e+03
1.170463638578283735e+03
1.172120681865695587e+03
1.173305687764048344e+03
1.174232766856456237e+03
1.175215452395950706e+03
1.176632875809788402e+03
1.177106304421656205e+03
1.179701223501934010e+03
1.180653543787084345e+03
1.181267318151680001e+03
1.182582270346920495e+03
1.183712775295974325e+03
1.185155842847465692e+03
1.185875358695356681e+03
1.187345161493267369e+03
1.188856444298229235e+03
1.189963636497918515e+03
1.191482605926413498e+03
1.192218611478101593e+03
1.193324021427455136e+03
1.193857427135437092e+03
1.196034671748671144e+03
1.197071786658822020e+03
1.198686569104630507e+03
1.199356513707894010e+03
1.200532692031219995e+03
1.201810334856606005e+03
1.203137350861425375e+03
1.203855247594096909e+03
1.204985492171466376e+03
1.206870499793853014e+03
1.208471459949530981e+03
1.208989484167939054e+03
1.209898030087545976e+03
1.211416115892798189e+03
1.212113153066319683e+03
1.213598372680368129e+03
1.215389975065045746e+03
1.216183722033467348e+03
1.217174482497738836e+03
1.219050028177406148e+03
1.219614471310858562e+03
1.220816347690978091e+03
1.221692242483143673e+03
1.222952484095108275e+03
1.225018330024168563e+03
1.225855020760795696e+03
1.227231827641491009e+03
1.227917141614399952e+03
1.228793154362981113e+03
1.230584603154249180e+03
1.231562273877645339e+03
1.232529587040597789e+03
1.234277816653431728e+03
1.235502548526520968e+03
1.236399017465779025e+03
1.237977298513581218e+03
1.238457232795661866e+03
1.239490807146795760e+03
1.240813471785216279e+03
1.243078076398021039e+03
1.243538146526114360e+03
1.244851433966983905e+03
1.245655866188147911e+03
1.247372561969855724e+03
1.248063061053208230e+03
1.249159887953002908e+03
1.250672397275678122e+03
1.251659832004271266e+03
1.253673577852107201e+03
1.254431328421773514e+03
1.255408230645290814e+03
1.256181214198460793e+03
1.257541219412644068e+03
1.258779233488595082e+03
1.260344548316185410e+03
1.261611717161479874e+03
1.262556614000356149e+03
1.263676732843861828e+03
1.264957223006999811e+03
1.266179037760562096e+03
1.267200345611845478e+03
1.267570571779440115e+03
1.270118921886492672e+03
1.271134299631610020e+03
1.272083959599332957e+03
1.273261144633455842e+03
1.274196220889480401e+03
1.275092030315840475e+03
1.276842171555569848e+03
1.277763091986346808e+03
1.279332843316708249e+03
1.280155794409022974e+03
1.281828726959699907e+03
1.283000491386699650e+03
1.283335032138879342e+03
1.284854795154621570e+03
1.285695023331138600e+03
1.287410026617075346e+03
1.289165351532773002e+03
1.290104771519807400e+03
1.290417708073042604e+03
1.291945870968083227e+03
1.293493981557417555e+03
1.294118474377848315e+03
1.295365363505358346e+03
1.296801110992347276e+03
1.298256527067889465e+03
1.299405171250743933e+03
1.300490018982447737e+03
1.301495516680575065e+03
1.302346742379246962e+03
1.303273200228794167e+03
1.305401672188004341e+03
1.306508393312968792e+03
1.307267242107802531e+03
1.308988196517643473e+03
1.309421532493255881e+03
1.311056570511111886e+03
1.311966940608049299e+03
1.313031599369019659e+03
1.314052565651726127e+03
1.316212112602853949e+03
1.317072986034829910e+03
1.318171279132164955e+03
1.318947880596566392e+03
1.319931082877536483e+03
1.321628138551912343e+03
1.322258067123391129e+03
1.324224978718844341e+03
1.325237624358982430e+03
1.325981969630446201e+03
1.327635281108457548e+03
1.329043517996518631e+03
1.329205018785483617e+03
1.330429937120459272e+03
1.331827591385285132e+03
1.333673522610284863e+03
1.334747329051689803e+03
1.335694974526002170e+03
1.336690184653385813e+03
1.337688791809669965e+03
1.338923164598670382e+03
1.340426400457300133e+03
1.341166272252926319e+03
1.342608507883776838e+03
1.344156044003595753e+03
1.345477106261398603e+03
1.345731413255418374e+03
1.347519471750899811e+03
1.348017238018736407e+03
1.349085194014047602e+03
1.351296206374096755e+03
1.352210465159175556e+03
1.353483338358264518e+03
1.353886781971696337e+03
1.355680595320636485e+03
1.356605655709807934e+03
1.357771742828579363e+03
1.358460160399159122e+03
1.360393144762191241e+03
1.361393074713639635e+03
1.363022328603280812e+03
1.363879190797134470e+03
1.364576584896753957e+03
1.365493733551295236e+03
1.367104090970008201e+03
1.368330193307985837e+03
1.369686949077342888e+03
1.370973522767783606e+03
1.371686553552827490e+03
1.373202914562373280e+03
1.374154798658640630e+03
1.375302392344748796e+03
1.376161779993619348e+03
1.377177633642104638e+03
1.379683283028613005e+03
1.380148578441692507e+03
1.381073977149205575e+03
1.382345662978473683e+03
1.383297591007946494e+03
1.384444415847760183e+03
1.385663777011192678e+03
1.387326647663489439e+03
1.387921454127112838e+03
1.389565831798393901e+03
1.390705490286427676e+03
1.391853200443269770e+03
1.392644027788548556e+03
1.393433401740793670e+03
1.394884184675680444e+03
1.396544163123682438e+03
1.397834623321387198e+03
1.398837675201385764e+03
1.399839472941206395e+03
1.400426946297394352e+03
1.402564347250066021e+03
1.402973747640919100e+03
1.404006292170522784e+03
1.405666975059246852e+03
1.407085142776436442e+03
1.408136307496189602e+03
1.409320681079839005e+03
1.410024810725802126e+03
1.411257056815706619e+03
1.411965653461772945e+03
1.413843148788568897e+03
1.415585784795495329e+03
1.415781581303283019e+03
1.417102822933822608e+03
1.418696963852452200e+03
1.419422480945995630e+03
1.420416526323751214e+03
1.421850567187048682e+03
1.422461310987507431e+03
1.424463045669579060e+03
1.425873469244996613e+03
1.426645979682120014e+03
1.427365671109426785e+03
1.428592305875978809e+03
1.429650477276191623e+03
1.431218313672751719e+03
1.432049740893313583e+03
1.433821940737065233e+03
1.434584942168260113e+03
1.435692907383419197e+03
1.437226721623801268e+03
1.438006284841722390e+03
1.438949552746882773e+03
1.439622793078164023e+03
1.441960987504861805e+03
1.442911059580896790e+03
1.444041930706366657e+03
1.445072278459201016e+03
1.445830084779709978e+03
1.447226227099975858e+03
1.448323853515725432e+03
1.449488771280731271e+03
1.450773561858297398e+03
1.451835297999393333e+03
1.453737596757102210e+03
1.454226011260226187e+03
1.455312091239819665e+03
1.456167797608387218e+03
1.457539001668411174e+03
1.458393777368687324e+03
1.460688270535419178e+03
1.461245443345159856e+03
1.462266123265787201e+03
1.463286891190427468e+03
1.464696903297876361e+03
1.465889557614085334e+03
1.466505621107887691e+03
1.467703989586070975e+03
1.469347649878269749e+03
1.470966589127164980e+03
1.471388764527106559e+03
1.473020132324185624e+03
1.473745649185746515e+03
1.474203221565698868e+03
1.476092127038240960e+03
1.477435191147500063e+03
1.478441395973412909e+03
1.479759918706489998e+03
1.480766879017982319e+03
1.481964684209802272e+03
1.483032959958071388e+03
1.484143580881755497e+03
1.484817883231203723e+03
1.486171349027557198e+03
1.488116337976228351e+03
1.489252466946430104e+03
1.489970892204678876e+03
1.490670693814603283e+03
1.492180090544016366e+03
1.493330835421270194e+03
1.494155368613688779e+03
1.495768832978941646e+03
1.497065505571709991e+03
1.497747360933121172e+03
1.499640824746619728e+03
1.500351951516603094e+03
1.501119324922131682e+03
1.502346063292399094e+03
1.503090933126680511e+03
1.505261529654671904e+03
1.506152986138113192e+03
1.507407505163830365e+03
1.508253031029542171e+03
1.509280419363223245e+03
1.510391797446473447e+03
1.511923005459002070e+03
1.512589764705458037e+03
1.513589765539918744e+03
1.515708343586873980e+03
1.516435989718758492e+03
1.517719806254130162e+03
1.518414791487253751e+03
1.519741009493906859e+03
1.520273622220356174e+03
1.521901909065460814e+03
1.523486047149258866e+03
1.524724892160622176e+03
1.525227837233791888e+03
1.526552311910387516e+03
1.528040930429297532e+03
1.529034456728701343e+03
1.529369975365194477e+03
1.531020742970222273e+03
1.532222326939392133e+03
1.533886977913201690e+03
1.535042277471206717e+03
1.535769502395248310e+03
1.536620701824029766e+03
1.537651062167944929e+03
1.539302854855583291e+03
1.540030270139506456e+03
1.541742248762788904e+03
1.542496522922766189e+03
1.544118670054520180e+03
1.544834608227519539e+03
1.546091197786313387e+03
1.547297581121406893e+03
1.547806563801857465e+03
1.548871348178725384e+03
1.551273845326404626e+03
1.552006872837670016e+03
1.552736105329803877e+03
1.554156519109657665e+03
1.554921285164991787e+03
1.556162987497552649e+03
1.557394507017690557e+03
1.558339152852352072e+03
1.559781154390710299e+03
1.560876475777809446e+03
1.562410153180194357e+03
1.563385400958495438e+03
1.564177940460431728e+03
1.564915788262260094e+03
1.566266415601551444e+03
1.567623450717218020e+03
1.569022477804374148e+03
1.570509277866920911e+03
1.571045381485538201e+03
1.571845352088045274e+03
1.573806563330271501e+03
1.574230915429863671e+03
1.575638154952016521e+03
1.576161352363424385e+03
1.578118826945782757e+03
1.579514055067740628e+03
1.580372081625471537e+03
1.581363551773001745e+03
1.582329486944147220e+03
1.583394693435421686e+03
1.584234848066376117e+03
1.586293210750337721e+03
1.587004342107041111e+03
1.588163404028904779e+03
1.589357945949557688e+03
1.590835904321394082e+03
1.591293884373572382e+03
1.592637167039235010e+03
1.593584808188861871e+03
1.594442689655690629e+03
1.596484492409654649e+03
1.597715895944423210e+03
1.598420798549670508e+03
1.599619348950462836e+03
1.600048044903407344e+03
1.601911946228582110e+03
1.602815404793726657e+03
1.603655202996123990e+03
1.605521646646623367e+03
1.606293418126574124e+03
1.607556905211982894e+03
1.608836295305010026e+03
1.610003264190037953e+03
1.610253823162574463e+03
1.611437141269554786e+03
1.613078855451027493e+03
1.614710627852161451e+03
1.615574608718972058e+03
1.616398394841583695e+03
1.617734684840985210e+03
1.618537517831977539e+03
1.619952501261128873e+03
1.620774310821388553e+03
1.622098751698022852e+03
1.622977767699475635e+03
1.625021856657962871e+03
1.625987020163621082e+03
1.626399919311635585e+03
1.627755441276315651e+03
1.628715316856763138e+03
1.629658668954947871e+03
1.631194814551515719e+03
1.632798183570708716e+03
1.633512516889737299e+03
1.634516822662067170e+03
1.635718366326213754e+03
1.637089190173370980e+03
1.637994643586012671e+03
1.638599658304213790e+03
1.639821235729830278e+03
1.641899819008504664e+03
1.642489779822378068e+03
1.644152065959737683e+03
1.644713745774667814e+03
1.645573760362766052e+03
1.646624866593178922e+03
1.648270598222531589e+03
1.649118535409240167e+03
1.650416988983048441e+03
1.651732693341396043e+03
1.652671065899601217e+03
1.654205896759371171e+03
1.654726652393321729e+03
1.655822775676771698e+03
1.657114236399763058e+03
1.657567101179321526e+03
1.660019980337998959e+03
1.660860056833300860e+03
1.661836892884096642e+03
1.662377202549280128e+03
1.664057265418110092e+03
1.664968004486365089e+03
1.665877640414486223e+03
1.667241125051711379e+03
1.668368229327401878e+03
1.669669728452399113e+03
1.671047182433303078e+03
1.671984259333726186e+03
1.672963370830781059e+03
1.673687445333905316e+03
1.674648462097009769e+03
1.676362486323950407e+03
1.677691227141526497e+03
1.678630368091063701e+03
1.680077946716809493e+03
1.680504770112847154e+03
1.681812320174266006e+03
1.683273289260666843e+03
1.684171656837064347e+03
1.684558863252537321e+03
1.686421121947838174e+03
1.688080142693176640e+03
1.688933868509784588e+03
1.689703154256179687e+03
1.691051559916892984e+03
1.691515192892035202e+03
1.693053020930197135e+03
1.694017564652607916e+03
1.695832554474187191e+03
1.696654997439785575e+03
1.697342514286563983e+03
1.699229547187642993e+03
1.699966817266863927e+03
1.700820303245006244e+03
1.701825550997047458e+03
1.702923249764490492e+03
1.704291412426679699e+03
1.706256032431560470e+03
1.706615665035026041e+03
1.707912312493324407e+03
1.708512116178403176e+03
1.709780842298580410e+03
1.711137603258592890e+03
1.712155397654322314e+03
1.713055341727513223e+03
1.714717145255494643e+03
1.715825283039820533e+03
1.716769983717395007e+03
1.717974485066158422e+03
1.718954152498583653e+03
1.719724469321831066e+03
1.720498070947586484e+03
1.722844661739915637e+03
1.723532822631259933e+03
1.724733958737658213e+03
1.725638628019973794e+03
1.726605700739885378e+03
1.728166506760965376e+03
1.728644486480372052e+03
1.730023872544779124e+03
1.731014193761857086e+03
1.732430169859256921e+03
1.733840825021429964e+03
1.735175466021101101e+03
1.735624715342870559e+03
1.736305662733238023e+03
1.737893884786928538e+03
1.738783237588816064e+03
1.740169115680140521e+03
1.741779167808727152e+03
1.742467680720782027e+03
1.743426436858721672e+03
1.744721511937699688e+03
1.746097498595632715e+03
1.746595456627128215e+03
1.747781695527752390e+03
1.748563987381080324e+03
1.750822818489839165e+03
1.751617794946251024e+03
1.752511511140666016e+03
1.753661355243139496e+03
1.754763369874252930e+03
1.755169694068142690e+03
1.757046518460723064e+03
1.757984077032818277e+03
1.759240085646681791e+03
1.760215166242762280e+03
1.761854899938728067e+03
1.762497688870660568e+03
1.763719121496287016e+03
1.764591476849092032e+03
1.765400493991783833e+03
1.766676243599477857e+03
1.768295971136341450e+03
1.769940952051635804e+03
1.770243677312197406e+03
1.771212944983546549e+03
1.772328000363591400e+03
1.773894915510703413e+03
1.774660430990023542e+03
1.775341987573747247e+03
1.777255860224058097e+03
1.778041734762249234e+03
1.779552270809178935e+03
1.780665228492998722e+03
1.781355637722819665e+03
1.782439067320020285e+03
1.783084829519946425e+03
1.784607946396612761e+03
1.786342201179342510e+03
1.787049273086816356e+03
1.788215123479632894e+03
1.789242179963684748e+03
1.790449562369783507e+03
1.791254409818795466e+03
1.792616102735198183e+03
1.793525390652409442e+03
1.794178482007255525e+03
1.796465140537430898e+03
1.797376335671136758e+03
1.798147067458075753e+03
1.799231647209737503e+03
1.800024724019739097e+03
1.801309636945288048e+03
1.802301283491450477e+03
1.803796843813365967e+03
1.804904160974811930e+03
1.806289667019497756e+03
1.806578391750963874e+03
1.808714431865474808e+03
1.809119273788287273e+03
1.810108892987985882e+03
1.810873719158854783e+03
1.812420077002105472e+03
1.814024140347615457e+03
1.814973082363495905e+03
1.816338611219674704e+03
1.816758023365350937e+03
1.817710608563342475e+03
1.819260334099488318e+03
1.820187882186811294e+03
1.821305708365203827e+03
1.822427671440302674e+03
1.823766265895773358e+03
1.825213676893013371e+03
1.825915683614928412e+03
1.826795455271492756e+03
1.828211270499973125e+03
1.828621091758031071e+03
1.829832529709939763e+03
1.831936379901815144e+03
1.832984940243731444e+03
1.833273239032730316e+03
1.834721559748608570e+03
1.835883754437692460e+03
1.836827672515957602e+03
1.838086943305644581e+03
1.838640288707650825e+03
1.840195563473357424e+03
1.841478582570643312e+03
1.842875955278667334e+03
1.843771057743069150e+03
1.844759043650095919e+03
1.845417534146424487e+03
1.846353253420516467e+03
1.848330980622383777e+03
1.848722760910890884e+03
1.850601184047651486e+03
1.851400361994589730e+03
1.852342204733386325e+03
1.853519342920989402e+03
1.854855632115986737e+03
1.855592934937055361e+03
1.856389179153523855e+03
1.857498074814880283e+03
1.859495271568794351e+03
1.860541388109336822e+03
1.861379671547232874e+03
1.862121464928944306e+03
1.863425464845096485e+03
1.864353981335746312e+03
1.865367433794057888e+03
1.866836547018608144e+03
1.868085190998609278e+03
1.868706745684408133e+03
1.870421471768310766e+03
1.871416043098407044e+03
1.872441566428192800e+03
1.872865667637967590e+03
1.874508361412660179e+03
1.874913774010039560e+03
1.877095064167339842e+03
1.878022251482753518e+03
1.879153303090461350e+03
1.880082325418994287e+03
1.880611766479656808e+03
1.882321974797384655e+03
1.883408724269518416e+03
1.884005778349667253e+03
1.885198075130258076e+03
1.887053894806890185e+03
1.887808841416832138e+03
1.888938182636579540e+03
1.890348128614244615e+03
1.890612128587933285e+03
1.891678510539728677e+03
1.892867701335791025e+03
1.894558537572429714e+03
1.895697155653584559e+03
1.896585494347168833e+03
1.897513692859711909e+03
1.898829372818679531e+03
1.900006144829143977e+03
1.900571884272414763e+03
1.901891305750600168e+03
1.902805059206679971e+03
1.904089325323351659e+03
1.906102756198181851e+03
1.906597678003766305e+03
1.907332780123909970e+03
1.908433063045051767e+03
1.909465930025982288e+03
1.910733659615891611e+03
1.911704690943172182e+03
1.913182489775883141e+03
1.914352300051674092e+03
1.915054629333347293e+03
1.916606371839519397e+03
1.917344704041566274e+03
1.918786498909856846e+03
1.919207778397805214e+03
1.919937457371217306e+03
1.922101625621993662e+03
1.923280837936417356e+03
1.924055831101440845e+03
1.925231987975406582e+03
1.926211583079894126e+03
1.926820092794871471e+03
1.928417518549519400e+03
1.929487560180576565e+03
1.930258387180387217e+03
1.931760069436524645e+03
1.932875754549946805e+03
1.934416436369151825e+03
1.934907943434365734e+03
1.935924848803745590e+03
1.936873093814278946e+03
1.937968633498019926e+03
1.939050029150544106e+03
1.940977326705859923e+03
1.941822862215780333e+03
1.942633568692246172e+03
1.943367947449252824e+03
1.945153796306367894e+03
1.945922716949483402e+03
1.946609945361877408e+03
1.947917047737703570e+03
1.949030030073606440e+03
1.950743201552863184e+03
1.951536695873054896e+03
1.952850129211865806e+03
1.953448556325135769e+03
1.954418588175214154e+03
1.955315809283718409e+03
1.956848164578215574e+03
1.958314403555120407e+03
1.958851883463194781e+03
1.960418845269381791e+03
1.961359277880014361e+03
1.962233571848579686e+03
1.963621184573202072e+03
1.964357390938095705e+03
1.965377829505103819e+03
1.966117658574074540e+03
1.968471602019420516e+03
1.969047617546527817e+03
1.970305009517033795e+03
1.970855547579946005e+03
1.971970312804811329e+03
1.973182663405938683e+03
1.974347201910120020e+03
1.975080610302266905e+03
1.977173943698039920e+03
1.977271446199746606e+03
1.978801448167731451e+03
1.980371772287051272e+03
1.980910043091024136e+03
1.981748768897263517e+03
1.982663279195276573e+03
1.983923804622260604e+03
1.985416540174526745e+03
1.986757107716415248e+03
1.987873473360724347e+03
1.988251876807355757e+03
1.989702002708021610e+03
1.990478352526426988e+03
1.992001706393527911e+03
1.992784987875157640e+03
1.993577493138260024e+03
1.995168739611888441e+03
1.996796176966188114e+03
1.997390914059611532e+03
1.998279006925984731e+03
1.999545764176267539e+03
2.000434515302432146e+03
2.000929620689184503e+03
2.002896408374361727e+03
2.004139669233270070e+03
2.005077848124098864e+03
2.005900934885785773e+03
2.007125180170301064e+03
2.008418240330262279e+03
2.009176634122949508e+03
2.010153324767559297e+03
2.011020705073650106e+03
2.012538935477421774e+03
2.013872097713990797e+03
2.015186728608706289e+03
2.016029638032375487e+03
2.016800075655845831e+03
2.017386767251961601e+03
2.019264600216064082e+03
2.019884367139755341e+03
2.021196042768892767e+03
2.022545617684688295e+03
2.023572911777100671e+03
2.024488262157951340e+03
2.025878906202481630e+03
2.026738258912152105e+03
2.027573317055997450e+03
2.028582459354039884e+03
2.029385479550966693e+03
2.031750550690618638e+03
2.032420780856286456e+03
2.033017892745669769e+03
2.034554828788956229e+03
2.035077440096304144e+03
2.036527526483370366e+03
2.037217111094340908e+03
2.038841738250867820e+03
2.039443218740104385e+03
2.040839119673138157e+03
2.042344586250604152e+03
2.043217116563323998e+03
2.044121593291667523e+03
2.045037320859814827e+03
2.045802760431561865e+03
2.047098336345607095e+03
2.048454094066160906e+03
2.049847525605715873e+03
2.050906055384684350e+03
2.051718388196256456e+03
2.052407790192401080e+03
2.054059916898485881e+03
2.055180267326166813e+03
2.055572602899048889e+03
2.056620866689893774e+03
2.058450651118906080e+03
2.059448021743771278e+03
2.060868247208108187e+03
2.061367059202031669e+03
2.062572650919978514e+03
2.063283559498380782e+03
2.064304867699634087e+03
2.065832672281911528e+03
2.066985229377985434e+03
2.068345638527370284e+03
1.804904160974811930e+03
1.806289667019497756e+03
1.806578391750963874e+03
1.808714431865474808e+03
1.809119273788287273e+03
1.810108892987985882e+03
1.810873719158854783e+03
1.812420077002105472e+03
1.814024140347615457e+03
1.814973082363495905e+03
1.816338611219674704e+03
1.816758023365350937e+03
1.817710608563342475e+03
1.819260334099488318e+03
1.820187882186811294e+03
1.821305708365203827e+03
1.822427671440302674e+03
1.823766265895773358e+03
1.825213676893013371e+03
1.825915683614928412e+03
1.826795455271492756e+03
1.828211270499973125e+03
1.828621091758031071e+03
1.829832529709939763e+03
1.831936379901815144e+03
1.832984940243731444e+03
1.833273239032730316e+03
1.834721559748608570e+03
1.835883754437692460e+03
1.836827672515957602e+03
1.838086943305644581e+03
1.838640288707650825e+03
1.840195563473357424e+03
1.841478582570643312e+03
1.842875955278667334e+03
1.843771057743069150e+03
1.844759043650095919e+03
1.845417534146424487e+03
1.846353253420516467e+03
1.848330980622383777e+03
1.848722760910890884e+03
1.850601184047651486e+03
1.851400361994589730e+03
1.852342204733386325e+03
1.853519342920989402e+03
1.854855632115986737e+03
1.855592934937055361e+03
1.856389179153523855e+03
1.857498074814880283e+03
1.859495271568794351e+03
1.860541388109336822e+03
1.861379671547232874e+03
1.862121464928944306e+03
1.863425464845096485e+03
1.864353981335746312e+03
1.865367433794057888e+03
1.866836547018608144e+03
1.868085190998609278e+03
1.868706745684408133e+03
1.870421471768310766e+03
1.871416043098407044e+03
1.872441566428192800e+03
1.872865667637967590e+03
1.874508361412660179e+03
1.874913774010039560e+03
1.877095064167339842e+03
1.878022251482753518e+03
1.879153303090461350e+03
1.880082325418994287e+03
1.880611766479656808e+03
1.882321974797384655e+03
1.883408724269518416e+03
1.884005778349667253e+03
1.885198075130258076e+03
1.887053894806890185e+03
1.887808841416832138e+03
1.888938182636579540e+03
1.890348128614244615e+03
1.890612128587933285e+03
1.891678510539728677e+03
1.892867701335791025e+03
1.894558537572429714e+03
1.895697155653584559e+03
1.896585494347168833e+03
1.897513692859711909e+03
1.898829372818679531e+03
1.900006144829143977e+03
1.900571884272414763e+03
1.901891305750600168e+03
1.902805059206679971e+03
1.904089325323351659e+03
1.906102756198181851e+03
1.906597678003766305e+03
1.907332780123909970e+03
1.908433063045051767e+03
1.909465930025982288e+03
1.910733659615891611e+03
1.911704690943172182e+03
1.913182489775883141e+03
1.914352300051674092e+03
1.915054629333347293e+03
1.916606371839519397e+03
1.917344704041566274e+03
1.918786498909856846e+03
1.919207778397805214e+03
1.919937457371217306e+03
1.922101625621993662e+03
1.923280837936417356e+03
1.924055831101440845e+03
1.925231987975406582e+03
1.926211583079894126e+03
1.926820092794871471e+03
1.928417518549519400e+03
1.929487560180576565e+03
1.930258387180387217e+03
1.931760069436524645e+03
1.932875754549946805e+03
1.934416436369151825e+03
1.934907943434365734e+03
1.935924848803745590e+03
1.936873093814278946e+03
1.937968633498019926e+03
1.939050029150544106e+03
1.940977326705859923e+03
1.941822862215780333e+03
1.942633568692246172e+03
1.943367947449252824e+03
1.945153796306367894e+03
1.945922716949483402e+03
1.946609945361877408e+03
1.947917047737703570e+03
1.949030030073606440e+03
1.950743201552863184e+03
1.951536695873054896e+03
1.952850129211865806e+03
1.953448556325135769e+03
1.954418588175214154e+03
1.955315809283718409e+03
1.956848164578215574e+03
1.958314403555120407e+03
1.958851883463194781e+03
1.960418845269381791e+03
1.961359277880014361e+03
1.962233571848579686e+03
1.963621184573202072e+03
1.964357390938095705e+03
1.965377829505103819e+03
1.966117658574074540e+03
1.968471602019420516e+03
1.969047617546527817e+03
1.970305009517033795e+03
1.970855547579946005e+03
1.971970312804811329e+03
1.973182663405938683e+03
1.974347201910120020e+03
1.975080610302266905e+03
1.977173943698039920e+03
1.977271446199746606e+03
1.978801448167731451e+03
1.980371772287051272e+03
1.980910043091024136e+03
1.981748768897263517e+03
1.982663279195276573e+03
1.983923804622260604e+03
1.985416540174526745e+03
1.986757107716415248e+03
1.987873473360724347e+03
1.988251876807355757e+03
1.989702002708021610e+03
1.990478352526426988e+03
1.992001706393527911e+03
1.992784987875157640e+03
1.993577493138260024e+03
1.995168739611888441e+03
1.996796176966188114e+03
1.997390914059611532e+03
1.998279006925984731e+03
1.999545764176267539e+03
2.000434515302432146e+03
2.000929620689184503e+03
2.002896408374361727e+03
2.004139669233270070e+03
2.005077848124098864e+03
2.005900934885785773e+03
2.007125180170301064e+03
2.008418240330262279e+03
2.009176634122949508e+03
2.010153324767559297e+03
2.011020705073650106e+03
2.012538935477421774e+03
2.013872097713990797e+03
2.015186728608706289e+03
2.016029638032375487e+03
2.016800075655845831e+03
2.017386767251961601e+03
2.019264600216064082e+03
2.019884367139755341e+03
2.021196042768892767e+03
2.022545617684688295e+03
2.023572911777100671e+03
2.024488262157951340e+03
2.025878906202481630e+03
2.026738258912152105e+03
2.027573317055997450e+03
2.028582459354039884e+03
2.029385479550966693e+03
2.031750550690618638e+03
2.032420780856286456e+03
2.033017892745669769e+03
2.034554828788956229e+03
2.035077440096304144e+03
2.036527526483370366e+03
2.037217111094340908e+03
2.038841738250867820e+03
2.039443218740104385e+03
2.040839119673138157e+03
2.042344586250604152e+03
2.043217116563323998e+03
2.044121593291667523e+03
2.045037320859814827e+03
2.045802760431561865e+03
2.047098336345607095e+03
2.048454094066160906e+03
2.049847525605715873e+03
2.050906055384684350e+03
2.051718388196256456e+03
2.052407790192401080e+03
2.054059916898485881e+03
2.055180267326166813e+03
2.055572602899048889e+03
2.056620866689893774e+03
2.058450651118906080e+03
2.059448021743771278e+03
2.060868247208108187e+03
2.061367059202031669e+03
2.062572650919978514e+03
2.063283559498380782e+03
2.064304867699634087e+03
2.065832672281911528e+03
2.066985229377985434e+03
2.068345638527370284e+03
2.068669941082812784e+03
2.070504717593446003e+03
2.071377083169758407e+03
2.071990454814760596e+03
2.073397603715768582e+03
2.074171064902152466e+03
2.075028065544832316e+03
2.077117570136877021e+03
2.078155484639214137e+03
2.078939288114876945e+03
2.079567628461893037e+03
2.080910343457561339e+03
2.081799686563577325e+03
2.083300276858828056e+03
2.083779992550167208e+03
2.085389813692285770e+03
2.086580318534381604e+03
2.087473340987858137e+03
2.088712281198732398e+03
2.090036206757016771e+03
2.090447550027415673e+03
2.091221580661131156e+03
2.092473218110071684e+03
2.094335917468632033e+03
2.095138256660294701e+03
2.096346529979252409e+03
2.097371606357192832e+03
2.097951922199887122e+03
2.099311651265061300e+03
2.100593745236861196e+03
2.101135489459108612e+03
2.102535100215297916e+03
2.103390454808713912e+03
2.105372206591800023e+03
2.105994704339286272e+03
2.107172362432443151e+03
2.107617911407514384e+03
2.108938384889015197e+03
2.109963143181267696e+03
2.110822371848131752e+03
2.112907087523190967e+03
2.113483966448430692e+03
2.114396137325889867e+03
2.115506602794684113e+03
2.116900056068394861e+03
2.117722399441362995e+03
2.118618646217029436e+03
2.119456428468939066e+03
2.120691562591844104e+03
2.122465151174928451e+03
2.123344042303462629e+03
2.124370368737568697e+03
2.125512400029152104e+03
2.125958784840373482e+03
2.126975711192557810e+03
2.128752290554262800e+03
2.129406080228328392e+03
2.130555102283236010e+03
2.132080620992942841e+03
2.132798516467883928e+03
2.134154933985038042e+03
2.134950772504315864e+03
2.136086897524703090e+03
2.136967470548471738e+03
2.137509940525911134e+03
2.139380759985201166e+03
2.140949362639097217e+03
2.141710035960390087e+03
2.142355043196035240e+03
2.143374444180537921e+03
2.144895337431360531e+03
2.145505753734180871e+03
2.146625894475511359e+03
2.147785367345630675e+03
2.149151849382889395e+03
2.149910639858102058e+03
2.151776885116465110e+03
2.152390226596919547e+03
2.153011964165386416e+03
2.154263623952320359e+03
2.154935345848225552e+03
2.156394727255681573e+03
2.157856489565353058e+03
2.158878072291083299e+03
2.159902286017170354e+03
2.160853062328184023e+03
2.161692172189209487e+03
2.163107122285732203e+03
2.164049720356357284e+03
2.165011437174314324e+03
2.165503949023375753e+03
2.167693444254746737e+03
2.168890615851853909e+03
2.426193437541668118e+03
2.426907064293753592e+03
2.427640896948592854e+03
2.429185595990256843e+03
2.430265812635944258e+03
2.431611135096253747e+03
2.432727569299254810e+03
2.433705896804704025e+03
2.433916873237684285e+03
2.435348894364694388e+03
2.436191600375091184e+03
2.437794076107826186e+03
2.438671790794044227e+03
2.439927127218672467e+03
2.440826160290635471e+03
2.441929836549998527e+03
2.443033560058185230e+03
2.443775436396199893e+03
2.445154381015220224e+03
2.445744952101154922e+03
2.446398523306110292e+03
2.448988312286035125e+03
2.449231032009292448e+03
2.450503650580108115e+03
2.451181708310084559e+03
2.452283365741213856e+03
2.453257485812084269e+03
2.454300561841790113e+03
2.455482288383525884e+03
2.456514551841288721e+03
2.457907999090218709e+03
2.458546799837128219e+03
2.460013579465506155e+03
2.461202295374506321e+03
2.461731628648041351e+03
2.462464294913853792e+03
2.463569667295016188e+03
2.464927816361223449e+03
2.466183097013192764e+03
2.467640860783778862e+03
2.468186816301115414e+03
2.469336263892497300e+03
2.469781485031523971e+03
2.471539297741996506e+03
2.472336417589482153e+03
2.473107124734644913e+03
2.474237849734393876e+03
2.475539353861002837e+03
2.477021755096104698e+03
2.478014854024809210e+03
2.478397597583124934e+03
2.479977351980870935e+03
2.480433606985091956e+03
2.481356767280358781e+03
2.482683411518716184e+03
2.484503238274744490e+03
2.485087590537420056e+03
2.485785620712392756e+03
2.487333836442725897e+03
2.488113831754193143e+03
2.489261157451637246e+03
2.490051090515746637e+03
2.491105516421820539e+03
2.491907473934292739e+03
2.493489295449123347e+03
2.494866177828255331e+03
2.495846840419501859e+03
2.496485336702823133e+03
2.497648465246601972e+03
2.497969973966752150e+03
2.499862042821255272e+03
2.500564386412317617e+03
2.501577744672433710e+03
2.503185227212086829e+03
2.504008933658583828e+03
2.504772152511211971e+03
2.506305351937307478e+03
2.507151885647675499e+03
2.507871039579743410e+03
2.508766046103826739e+03
2.509652997441379284e+03
2.511660189787186482e+03
2.512538220985202770e+03
2.513579517021464653e+03
2.514259859059773589e+03
2.515286482924712800e+03
2.516571049142887659e+03
2.517146931880415195e+03
2.518552852040690595e+03
2.519634252640271825e+03
2.520402323518036155e+03
2.521885175646150856e+03
2.523263480155872003e+03
2.523967055819190591e+03
2.524642045795694685e+03
2.525687993324800573e+03
2.526868810058592771e+03
2.527418791160629098e+03
2.529378043463274935e+03
2.530273672274268392e+03
2.531543961220064830e+03
2.531969384081562112e+03
2.533067317099047614e+03
2.534408614098394082e+03
2.535505886073965939e+03
2.536091884920838766e+03
2.536867485222561299e+03
2.538559826936261288e+03
2.539998407118591331e+03
2.540531661936742239e+03
2.541998729153670865e+03
2.542687650514868892e+03
2.543343955088606435e+03
2.544290953656615784e+03
2.545878017730333340e+03
2.546761141283358938e+03
2.548181615394108576e+03
2.548895987575046547e+03
2.549996484491522551e+03
2.551411141992884950e+03
2.551880445959599001e+03
2.553275677995524802e+03
2.553723069201209000e+03
2.555050875291359262e+03
2.555832350747303281e+03
2.558009105942871884e+03
2.558752211368471308e+03
2.559234296597333923e+03
2.560263289514388816e+03
2.561405635747573342e+03
2.562426113338143296e+03
2.563501718903993151e+03
2.564332107854333572e+03
2.565975270478283619e+03
2.566557557897085189e+03
2.567958599725328895e+03
2.569043090173352994e+03
2.569948111596904710e+03
2.570958525661919339e+03
2.571540774147768843e+03
2.572368208186207539e+03
2.574207163950022732e+03
2.575404511996903693e+03
2.576141011184025956e+03
2.577519835532602428e+03
2.578070129925005403e+03
2.578971298335895881e+03
2.580346111565200772e+03
2.581398140581892676e+03
2.582138733931301886e+03
2.583003294535099940e+03
2.584758402441678754e+03
2.585772739404011645e+03
2.586925178957182197e+03
2.587591000924191121e+03
2.588368210423880555e+03
2.589579264554433848e+03
2.590371692925951720e+03
2.591549378447984964e+03
2.593275876806604629e+03
2.594023618334686489e+03
2.594905011552480119e+03
2.595687530138859529e+03
2.597546141488459398e+03
2.597979353418423216e+03
2.598598768319633564e+03
2.600121355061881786e+03
2.600641952319219854e+03
2.602412300558054994e+03
2.603628781118453389e+03
2.604573564823718698e+03
2.605368075915559075e+03
2.606243664547519074e+03
2.607003639114238922e+03
2.608364899649035578e+03
2.609552086740677169e+03
2.610444520938915502e+03
2.611543670381422999e+03
2.612956807036694045e+03
2.613731929438305087e+03
2.614737136165400898e+03
2.615847707268249451e+03
2.616902118243953737e+03
2.617335046934901129e+03
2.618292915478022223e+03
2.620279393694424471e+03
2.621429055213229276e+03
2.622048696798421133e+03
2.622994507976301975e+03
2.624050603854559540e+03
2.624909501777169680e+03
2.626460502229944268e+03
2.626710471395806508e+03
2.628098026523871340e+03
2.629604139510848654e+03
2.629994800764220145e+03
2.632043116637112689e+03
2.632443658949145174e+03
2.633676399939781277e+03
2.633966543434121377e+03
2.635217331617179752e+03
2.636432585995081809e+03
2.637510683358462757e+03
2.639062573045389399e+03
2.640054245884027296e+03
2.640462942828951327e+03
2.641801744784108450e+03
2.642755759063044025e+03
2.643970900958345283e+03
2.644887867143491803e+03
2.645395567278572798e+03
2.646689940172724164e+03
2.648577429283764104e+03
2.649325653551798951e+03
2.650058544458382130e+03
2.651227331332121139e+03
2.652160775241539795e+03
2.652770642826959829e+03
2.653897069745640238e+03
2.655615772325961643e+03
2.656238998498017281e+03
2.657537760758300465e+03
2.658341557629757062e+03
2.659658316020859729e+03
2.660610245802953159e+03
2.661582573758214039e+03
2.662183573435627750e+03
2.663393945622339743e+03
2.664235489083243920e+03
2.666030101479454061e+03
2.666982849070546308e+03
2.668291859037208724e+03
2.668663651401293009e+03
2.669253744888179881e+03
2.670998998582165314e+03
2.671918382668910908e+03
2.672603779588146608e+03
2.673874618711104631e+03
2.675271759129636393e+03
2.676066490230100499e+03
2.677246193893199688e+03
2.678538156521631663e+03
2.679025281596284458e+03
2.680039021548238452e+03
2.680843117132923453e+03
2.681841051456082823e+03
2.683882275551469775e+03
2.684529156904497540e+03
2.685377113426632150e+03
2.686496160151160439e+03
2.687489939808026520e+03
2.688385081595554311e+03
2.689423275981137976e+03
2.690633186856025077e+03
2.691318382839996957e+03
2.692368718958509817e+03
2.694102820613441963e+03
2.695208957968971390e+03
2.695750049240105000e+03
2.696695372581611537e+03
2.697857558216759116e+03
2.698290961321395571e+03
2.699942027500086169e+03
2.700731207011070182e+03
2.702433544847737267e+03
2.703143657511188849e+03
2.703981714244772320e+03
2.704955737551334096e+03
2.706528247326756627e+03
2.707090764646388834e+03
2.708117069229273056e+03
2.708476524960683491e+03
2.710368359823606170e+03
2.711458227864115088e+03
2.712786687334756607e+03
2.713525289303348018e+03
2.714367906688518815e+03
2.715339871631409096e+03
2.716025049049534573e+03
2.717665774871052690e+03
2.718308652474352584e+03
2.719770998978129683e+03
2.720493474900152705e+03
2.721798775616648072e+03
2.723086082744475789e+03
2.723768928849822714e+03
2.724523924437069581e+03
2.725882989203481884e+03
2.726479701033963011e+03
2.727274459431901505e+03
2.729395041668594786e+03
2.730492891807172327e+03
2.730797702080186809e+03
2.732004049913595281e+03
2.732830123557482239e+03
2.734200782967822306e+03
2.734938856084208965e+03
2.736000479107040064e+03
2.736922048440000708e+03
2.738266444163764845e+03
2.739513547296201523e+03
2.740311109421231322e+03
2.741878852420557905e+03
2.742254107878247851e+03
2.742993068159927589e+03
2.743953469810087881e+03
2.745321831898193068e+03
2.746714798952398269e+03
2.747514097998184297e+03
2.748916191066436568e+03
2.749643649788653420e+03
2.750314083410359672e+03
2.751823671458527315e+03
2.752715502493883378e+03
2.753487796417396112e+03
2.754458663082718431e+03
2.755416876191486153e+03
2.757301868214300612e+03
2.758278103328339057e+03
2.758858670968685146e+03
2.759898613919658601e+03
2.760657151540111499e+03
2.762082880142575505e+03
2.762444580467694323e+03
2.764041846252089272e+03
2.765407691146483103e+03
2.766157035589918905e+03
2.766887269747368009e+03
2.768664523888139229e+03
2.769144698796099874e+03
2.770279093643343003e+03
2.771017392142684912e+03
2.771896293661727668e+03
2.773029713424294641e+03
2.774670010731832463e+03
2.775725707342410260e+03
2.776619160307926450e+03
2.777512125202576044e+03
2.778289695299772575e+03
2.779127539134050949e+03
2.780771118379071595e+03
2.781656070227571490e+03
2.781989239654647918e+03
2.783943665286858959e+03
2.784705283876121939e+03
2.786043335738622773e+03
2.786702566351368660e+03
2.787932021258523946e+03
2.788796278014511245e+03
2.789197561121050967e+03
2.790493080791035027e+03
2.792113378557022770e+03
2.793301469240871938e+03
2.794238093335275607e+03
2.794653824665328102e+03
2.796034761603657898e+03
2.797174539351897693e+03
2.797972901229628405e+03
2.798798140177045298e+03
2.800067444818401327e+03
2.800937603116235096e+03
2.802224801536331597e+03
2.803864955138344612e+03
2.804418935676251294e+03
2.805205300363064453e+03
2.806002732416640811e+03
2.807132318371189285e+03
2.808153501197997684e+03
2.809291652245192836e+03
2.810724634082518605e+03
2.811460992226052895e+03
2.812861997588021950e+03
2.813201488028300901e+03
2.814656757980595103e+03
2.815838653992747822e+03
2.816337954815325247e+03
2.817458907317419289e+03
2.817949462160966959e+03
2.820488842021916753e+03
2.820660841053781041e+03
2.821891930074871198e+03
2.822923026217023107e+03
2.823866992056608069e+03
2.824281884122039628e+03
2.825872656689750784e+03
2.826712170374922607e+03
2.828029973946251175e+03
2.828851526590522553e+03
2.830087545290015896e+03
2.831128425437187161e+03
2.832416550857944003e+03
2.833138035851670793e+03
2.833658717233308380e+03
2.834980248462513828e+03
2.835775847744530438e+03
2.837014472081293206e+03
2.838812881529271635e+03
2.839485753395012580e+03
2.840285754910691594e+03
2.840920672973104047e+03
2.842332641081100519e+03
2.843469837884564640e+03
2.844198986963261177e+03
2.845025433610480377e+03
2.846390776212726905e+03
2.847535935529730978e+03
2.848770308555407155e+03
2.849797086647209653e+03
2.850471888197435419e+03
2.851678938036254294e+03
2.852303726568369711e+03
2.852926214764695032e+03
2.854832394231931175e+03
2.855853721192900139e+03
2.856816133543913111e+03
2.857736139807821928e+03
2.858857860356251422e+03
2.859838748954184211e+03
2.860577436497612325e+03
2.862120208234396614e+03
2.862506966277762785e+03
2.863363589552191115e+03
2.864911426758851576e+03
2.866493209755929911e+03
2.867149356094088034e+03
2.868224163663090621e+03
2.868657629194218316e+03
2.869843456574863467e+03
2.870909506375380715e+03
2.872023511113548011e+03
2.872858555183438057e+03
2.874569154072845777e+03
2.875282119166366556e+03
2.875889914340386440e+03
2.877546649153796352e+03
2.878527002624180113e+03
2.879119907546978993e+03
2.879868973936907423e+03
2.880978994738386064e+03
2.882153646390636823e+03
2.884013657552839959e+03
2.884346757790142874e+03
2.885773055402722093e+03
2.886308874639772512e+03
2.887224885507060662e+03
2.888394382456172025e+03
2.889404168047577969e+03
2.890642626361553084e+03
2.891280078215454978e+03
2.892462624016639438e+03
2.894174448736821432e+03
2.894746550356224816e+03
2.895641103861971260e+03
2.896825405168247471e+03
2.897428300566969938e+03
2.898541353179908128e+03
2.899177779836548325e+03
2.901263850361997356e+03
2.902065102481250051e+03
2.902855785528508477e+03
2.903957879043036883e+03
2.904598196021987860e+03
2.906176417596628653e+03
2.906923339342985400e+03
2.907605736911210897e+03
2.908658045519742700e+03
2.910028233435046332e+03
2.911142903664579990e+03
2.912345904726055778e+03
2.913522785866686263e+03
2.914044611072102725e+03
2.914802702223863434e+03
2.915685975327455253e+03
2.917274173441487619e+03
2.917982416701912371e+03
2.919321772326527480e+03
2.920615555992141253e+03
2.921083198937260022e+03
2.922396084557395170e+03
2.923390932357376641e+03
2.924333434993952778e+03
2.925261509119313359e+03
2.926295436226225775e+03
2.926624014686465671e+03
2.928761073846998443e+03
2.930004366371979359e+03
2.930711168697389439e+03
2.931069101109814710e+03
2.932806414415832933e+03
2.933174857162008266e+03
2.934290717835787746e+03
2.935552463705747869e+03
2.936550374848601678e+03
2.937708958981568230e+03
2.938581220350578405e+03
2.939847529162594128e+03
2.941261601534687088e+03
2.941425217756342136e+03
2.942724885865147371e+03
2.943353684960178271e+03
2.944321648794483281e+03
2.945944499285887105e+03
2.946922394896188507e+03
2.948374261864690652e+03
2.948867577209394767e+03
2.949790143025785710e+03
2.950521108352418196e+03
2.952283829638947736e+03
2.952827176583512028e+03
2.953589030993759025e+03
2.954711275290933372e+03
2.956258730424156965e+03
2.957236259246842565e+03
2.958290776254197226e+03
2.959221014234687118e+03
2.960033617812008288e+03
2.960814839266220133e+03
2.961825970575348492e+03
2.962819636335281302e+03
2.964633921494808419e+03
2.965398341584290847e+03
2.966065269745648038e+03
2.967270190426496356e+03
2.968405348995407621e+03
2.969401136655698792e+03
2.970049930110913465e+03
2.971122238124934483e+03
2.972308884109068913e+03
2.972811686391357853e+03
2.975018020412780970e+03
2.975619957166153654e+03
2.976526232137094212e+03
2.977553574913470129e+03
2.977981978512600108e+03
2.979319042212011482e+03
2.980487381006559190e+03
2.981343947481810119e+03
2.982523719895924842e+03
2.983825333266519465e+03
2.984639177804446717e+03
2.985547666235421275e+03
2.986805393383297996e+03
2.987856151502432112e+03
2.988634699666939014e+03
2.988855046367445084e+03
2.990423270573698574e+03
2.992163668675063036e+03
2.992868866378300936e+03
2.993974353092848105e+03
2.994865507046753919e+03
2.995540266915501888e+03
2.996736506016221938e+03
2.997647203114442618e+03
2.998959301098028845e+03
2.999494492994594566e+03
3.001023331162879458e+03
3.001707332456021049e+03
3.003477042852710383e+03
3.004290975917310789e+03
3.004662308408248919e+03
3.005772929284507882e+03
3.006990738364633216e+03
3.007468699216470668e+03
3.008882120872392989e+03
3.010514962129244395e+03
3.011344380180512417e+03
3.012074694785866996e+03
3.012788450548678156e+03
3.014459082206682069e+03
3.014911666502729531e+03
3.016348394169977837e+03
3.016700060812629090e+03
3.017783440191592945e+03
3.019461775780365770e+03
3.020487633896939315e+03
3.021420400692511066e+03
3.022447483793126139e+03
3.023338509067940777e+03
3.023930996073902406e+03
3.024793963871217784e+03
3.026510826907845512e+03
3.027299522807341418e+03
3.028401522528630721e+03
3.029499388369681128e+03
3.030594529650982167e+03
3.031289217468061452e+03
3.032756029360224602e+03
3.033218123972953435e+03
3.034360907192326977e+03
3.035074103947537878e+03
3.036133113238207898e+03
3.037980383590468591e+03
3.039033651044210274e+03
3.039521601571572319e+03
3.040500427564659731e+03
3.041256803549500091e+03
3.042653049854131496e+03
3.043670541621770099e+03
3.044055127981914211e+03
3.046050030224876082e+03
3.046454504219288538e+03
3.047708817640889720e+03
3.048922632490404794e+03
3.050019676757211982e+03
3.050801233315720765e+03
3.051342383341480399e+03
3.052476848524261186e+03
3.053348265936951975e+03
3.054986520866536466e+03
3.056242923309730486e+03
3.056765138112964905e+03
3.058013703009701658e+03
3.058901494693164295e+03
3.059437861758112831e+03
3.061062700117590794e+03
3.061837584445267566e+03
3.062726873164639983e+03
3.063435086485018473e+03
3.065286555585297265e+03
3.066320250404096441e+03
3.067071320241176181e+03
3.068013501341795291e+03
3.068984266185526394e+03
3.069782904779767705e+03
3.070542621549808246e+03
3.072000993377915620e+03
3.073185237779942781e+03
3.074523494285210290e+03
3.075033872877410886e+03
3.075833479242463909e+03
3.077427473306812317e+03
3.078286226917969088e+03
3.078897379147134870e+03
3.079871394642813812e+03
3.080856382341972676e+03
3.082163163759071722e+03
3.083361357990431770e+03
3.084838451504293516e+03
3.085377268993634061e+03
3.085965522259310546e+03
3.087018815358645497e+03
3.088083437042039350e+03
3.089222308944517863e+03
3.090282194902934862e+03
3.091154469698493358e+03
3.092687667040027009e+03
3.093185445717524090e+03
3.094833068430116327e+03
3.095132031239453681e+03
3.096515485512936266e+03
3.097342606530991361e+03
3.098038354972964498e+03
3.098758089848813142e+03
3.101079373086579380e+03
3.101657370790144796e+03
3.102436089122718386e+03
3.103589916059588631e+03
3.104362546341633788e+03
3.105391402369857587e+03
3.106396352646055675e+03
3.107484255857023072e+03
3.108303596266206114e+03
3.109533099790356573e+03
3.110557200380325867e+03
3.111920727714090390e+03
3.112840737859373348e+03
3.113755213669486693e+03
3.114473416203572015e+03
3.115002672413545042e+03
3.116720450815901586e+03
3.117269723386899386e+03
3.118955013666124159e+03
3.119957556604338606e+03
3.120986214975677285e+03
3.121337219762925997e+03
3.122610128875347527e+03
3.124150225164330095e+03
3.124525922645768787e+03
3.125374441472109993e+03
3.126450116434819847e+03
3.127693012373442798e+03
3.129468612609748106e+03
3.129796205505420858e+03
3.130877663729773758e+03
3.131861090216301818e+03
3.132698331366237653e+03
3.133398883822980679e+03
3.134635445901257754e+03
3.136015560752041893e+03
3.137175172666931303e+03
3.137613495212022826e+03
3.139049508498465457e+03
3.140138494141052433e+03
3.141001174828240437e+03
3.141748032542883720e+03
3.142979456728038713e+03
3.143567499183578093e+03
3.144490488145513154e+03
3.146283528375944570e+03
3.147344606625530560e+03
3.148379041870467972e+03
3.148861228783806382e+03
3.149771738698990703e+03
3.150824652722363680e+03
3.152151059465736580e+03
3.152994559995643613e+03
3.153596976529534004e+03
3.155312108217669902e+03
3.156300357949570753e+03
3.156905761454446747e+03
3.158578287707935942e+03
3.159265204659911433e+03
3.159804097579086829e+03
3.161061912577755265e+03
3.161402435207892267e+03
3.163311959557827322e+03
3.164350531320929804e+03
3.165540597893829272e+03
3.166139586713599329e+03
3.167121094757281298e+03
3.168197515713895427e+03
3.169179764607856669e+03
3.170014131565626030e+03
3.171343958069061955e+03
3.171837774346067818e+03
3.173011633917278232e+03
3.174815385976386096e+03
3.175528722743695198e+03
3.176480343516462653e+03
3.176915636009212903e+03
3.178371705005000877e+03
3.178902595536046647e+03
3.180011213372893963e+03
3.181328501713206151e+03
3.182839446920271257e+03
3.183205673345926698e+03
3.184451499960332512e+03
3.185214344580111629e+03
3.186545869429537106e+03
3.187646162708372231e+03
3.188055482329446022e+03
3.188877460714955760e+03
3.190168661962152783e+03
3.191706256362774639e+03
3.192681791617887029e+03
3.193557208472454477e+03
3.194786707378558276e+03
3.195326699929210463e+03
3.195793895633893044e+03
3.197547165656594188e+03
3.198430125767817572e+03
3.199248977114246372e+03
3.200663270230745638e+03
3.201424866361197473e+03
3.202778286500735703e+03
3.203630891152625281e+03
3.204557410187842379e+03
3.205497580563342126e+03
3.206228893303829864e+03
3.207270062357430561e+03
3.208086133891918053e+03
3.210352420539766626e+03
3.210670388299201932e+03
3.211618832522935008e+03
3.212319227342931754e+03
3.213606498798172197e+03
3.214667562488094518e+03
3.215325298903735529e+03
3.216491524692371058e+03
3.217430804778290167e+03
3.218659983744025794e+03
3.219639171305585478e+03
3.221198341682969385e+03
3.221609476301097402e+03
3.222813840822902421e+03
3.223372566375255701e+03
3.224213706519638890e+03
3.225366715964933974e+03
3.227044102374515205e+03
3.227525149515495286e+03
3.229016311629953634e+03
3.229981066960499447e+03
3.230336636732169609e+03
3.231741347918256452e+03
3.232738713124808328e+03
3.233913360603034107e+03
3.234306591244920128e+03
3.235154617182366565e+03
3.237087579531708798e+03
3.237998236326712686e+03
3.239090434562690007e+03
3.239767314075239483e+03
3.240605747277956652e+03
3.241595312938038660e+03
3.242568307582365378e+03
3.243501652711279803e+03
3.244884157091134512e+03
3.246040157816239571e+03
3.246841676161959640e+03
3.247570503533836472e+03
3.249308085747434689e+03
3.249906446318444523e+03
3.250613324267405005e+03
3.251510637744017458e+03
3.252723990907270490e+03
3.253369017244108363e+03
3.255142076592548619e+03
3.256346612817957521e+03
3.256941943204737072e+03
3.257831340012825422e+03
3.258706714275454942e+03
3.259539730686039547e+03
3.261192124420504115e+03
3.261535312602183240e+03
3.262718968694528485e+03
3.263784940489126257e+03
3.265198771600650616e+03
3.266153786419935841e+03
3.266803954479647473e+03
3.268188517855567170e+03
3.268909408588716815e+03
3.269516785360247923e+03
3.270310803457827205e+03
3.272019397610781198e+03
3.273363032965270122e+03
3.274059953011724701e+03
3.274863567637972665e+03
3.276124154984921915e+03
3.276694554681215322e+03
3.278059478289038452e+03
3.278986193732023821e+03
3.279489509639634889e+03
3.280976418713721159e+03
3.281706690820621589e+03
3.283239124300114327e+03
3.284499863132438804e+03
3.285202828751690959e+03
3.285682259710461040e+03
3.286718540342294546e+03
3.287773091992666650e+03
3.288936972845327091e+03
3.289724306536176300e+03
3.291385725928433658e+03
3.292222642049284786e+03
3.292856716097554454e+03
3.293975869245585272e+03
3.295266663232727296e+03
3.296021754764672096e+03
3.296873142162695331e+03
3.297836842310599422e+03
3.298357878621563486e+03
3.300450576192250537e+03
3.301413776304367730e+03
3.302017097665604524e+03
3.303317261841697473e+03
3.303813719205759753e+03
3.305076177240834113e+03
3.305472088698530115e+03
3.307221711602476262e+03
3.308045402223318888e+03
3.308832877512969389e+03
3.310235706773843049e+03
3.311155306118273074e+03
3.312349459450510494e+03
3.313199876672725622e+03
3.313842662273157202e+03
3.315015013827980056e+03
3.315619742540924562e+03
3.316752453417715969e+03
3.318387470170170673e+03
3.319412648993159110e+03
3.320476699682049457e+03
3.320887941461201535e+03
3.321663572698610096e+03
3.323490923179791935e+03
3.323875124914086427e+03
3.324925684145982814e+03
3.325691627038381739e+03
3.327338441751472146e+03
3.327988269208170095e+03
3.329465583948409403e+03
3.330290400360130207e+03
3.331299404161488383e+03
3.331892288243776420e+03
3.332700898576001237e+03
3.333781382961371492e+03
3.335045996424476016e+03
3.336575968429255227e+03
3.337044211896701199e+03
3.338150407356324649e+03
3.339256673694617348e+03
3.340117152697459005e+03
3.340972263637847391e+03
3.342211554859256921e+03
3.343051722278339184e+03
3.343604908509592860e+03
3.344852255868193424e+03
3.346848430816562086e+03
3.347397830990955299e+03
3.347936001610754829e+03
3.349301027926846018e+03
3.349856252114765084e+03
3.350803704024568106e+03
3.352153804096605654e+03
3.352845364542639345e+03
3.354278231280389718e+03
3.355483680305992038e+03
3.355880578183322086e+03
3.357198154118336333e+03
3.358402699623420631e+03
3.359359283067236447e+03
3.359852404381293127e+03
3.360584153298317233e+03
3.361887588621121267e+03
3.363233878348850794e+03
3.364355763553862289e+03
3.365600957468561319e+03
3.366120883810753185e+03
3.367055542539618727e+03
3.367769443868219241e+03
3.369183728554804929e+03
3.370061651746535063e+03
3.370997536142718218e+03
3.371922445600540414e+03
3.373160140925225733e+03
3.374427471990046342e+03
3.375379955756308846e+03
3.376298386044195468e+03
3.376820970848442812e+03
3.378258956962645243e+03
3.378780608494868829e+03
3.379460192668086165e+03
3.381634647447098359e+03
3.382296714921601961e+03
3.383348489575834719e+03
3.383871212415101581e+03
3.385177310827910787e+03
3.386166295750419522e+03
3.387149564459346493e+03
3.387808777785404800e+03
3.389091880156599018e+03
3.389648879040879820e+03
3.391481233731884458e+03
3.392147572630774448e+03
3.393651785893134274e+03
3.394137666351393818e+03
3.394991106310709256e+03
3.395614850938401105e+03
3.396890066311007558e+03
3.398271677189199181e+03
3.398841197219906007e+03
3.400322476548553823e+03
3.401387450697162421e+03
3.402000441414939360e+03
3.403008864820184499e+03
3.404362761572869204e+03
3.405132918695120679e+03
3.405809942804822185e+03
3.406679482811959588e+03
3.407728314289522132e+03
3.409578736852470684e+03
3.410424565211906156e+03
3.411223633497277660e+03
3.411855830275976587e+03
3.413219036005346879e+03
3.413710819476650158e+03
3.415006415297804779e+03
3.415806623572889748e+03
3.417201725527571853e+03
3.418194842708853685e+03
3.418744246675150407e+03
3.420540582987327525e+03
3.421307537318235518e+03
3.421882420407670452e+03
3.423128594192328364e+03
3.423611394671273501e+03
3.424728989863383958e+03
3.425830917735939238e+03
3.427431811005699728e+03
3.428345014648755296e+03
3.429077161459129002e+03
3.430158809529325936e+03
3.430611618680173706e+03
3.432026366531868462e+03
3.433306331160305945e+03
3.433769710163679065e+03
3.434432930181269057e+03
3.436183607569709238e+03
3.437219161606905345e+03
3.438212616154325133e+03
3.439112430154170852e+03
3.440229299588557296e+03
3.440844025770543794e+03
3.441467977670071377e+03
3.442683392445439040e+03
3.444036570701737674e+03
3.445277432468729330e+03
3.446015386158298043e+03
3.447158925420623291e+03
3.447700517605005643e+03
3.449497002715466351e+03
3.449685001064480275e+03
3.450723487592525089e+03
3.451940669427532612e+03
3.452569816771665501e+03
3.453677893918423251e+03
3.455488799434788234e+03
3.456258614559289526e+03
3.457184172894584663e+03
3.457573598857840352e+03
3.458665410624784272e+03
3.460046064018949437e+03
3.460484230469053273e+03
3.461915971198493935e+03
3.462896732401836289e+03
3.464083832160314614e+03
3.464977695252427111e+03
3.465827155727127320e+03
3.467204403986263515e+03
3.467909471078216939e+03
3.468775551366813033e+03
3.469551913132633217e+03
3.470214108961448801e+03
3.472249018221315964e+03
3.473168763395135556e+03
3.473814882020019013e+03
3.475219106732750788e+03
3.475717792819430997e+03
3.476519931770807489e+03
3.477700190284672317e+03
3.479049830179214041e+03
3.479465965312698245e+03
3.480682915950611459e+03
3.481776396694321647e+03
3.483057856801383423e+03
3.484159388046233744e+03
3.484884585352891918e+03
3.485691497728214017e+03
3.486534339669457495e+03
3.487539477842766246e+03
3.488455776622254234e+03
3.489665123316273366e+03
3.491550561368235776e+03
3.491811099965335416e+03
3.492414435580418285e+03
3.493720613082723048e+03
3.494816408481537110e+03
3.495988931967582175e+03
3.496350361363768570e+03
3.497372960542280453e+03
3.498576136539013987e+03
3.499686553821129564e+03
3.501145919590462199e+03
3.501897095232891388e+03
3.502775867948572795e+03
3.503636215791510949e+03
3.504588927774941112e+03
3.504992627195049863e+03
3.506860778987002959e+03
3.507545273797332356e+03
3.508772500866958126e+03
3.509636408038272293e+03
3.510845083644571332e+03
3.511731091112826562e+03
3.512473586842893383e+03
3.513877573873796791e+03
3.514366752243940482e+03
3.515416808849641257e+03
3.515901814498894964e+03
3.518026445239400346e+03
3.518868409208555931e+03
3.519870186740230110e+03
3.520491665965545963e+03
3.521365040902682722e+03
3.522382212893841370e+03
3.523635835723508535e+03
3.524215220737581149e+03
3.525386566637036594e+03
3.526670256711327056e+03
3.527615207050999288e+03
3.528351824582806785e+03
3.529955744345950734e+03
3.530835046797712039e+03
3.531201023963526040e+03
3.532038508847499088e+03
3.533328243395819754e+03
3.534062588280170075e+03
3.535772576943416425e+03
3.536633250705505361e+03
3.537708013056178061e+03
3.538500568907352772e+03
3.539089936526598194e+03
3.540456758807154529e+03
3.541357522375370536e+03
3.542340883917586780e+03
3.543322306535336338e+03
3.543816796286908357e+03
3.545699212171315594e+03
3.546864134595260566e+03
3.547314781396485614e+03
3.548351252963577735e+03
3.549458356776357505e+03
3.550065059225519690e+03
3.550853298372029712e+03
3.552080209750381073e+03
3.553840680597020764e+03
3.554165034789486981e+03
3.555534145071897456e+03
3.556065234535612035e+03
3.557427102352920883e+03
3.558349345038406227e+03
3.559265664699892113e+03
3.560019248823557973e+03
3.560776183334352027e+03
3.562162435082827415e+03
3.563215121485676264e+03
3.564760770714007322e+03
3.565396422886999972e+03
3.566284910776263587e+03
3.566916683895457936e+03
3.567733251749069495e+03
3.569343132086432433e+03
3.570008671364950260e+03
3.570822916554614949e+03
3.572513965627941616e+03
3.573079804301269633e+03
3.574100016308942941e+03
3.575493155747453329e+03
3.575955379643794458e+03
3.577205283985631922e+03
3.577981184110552476e+03
3.578410382618929361e+03
3.579750102614597836e+03
3.581585338241799491e+03
3.582394916619829473e+03
3.582923042185507711e+03
3.583945574774916167e+03
3.585206278712881158e+03
3.585684448661568695e+03
3.586840745006095858e+03
3.587968813667965605e+03
3.588859444520462148e+03
3.589745006545045726e+03
3.590983471293056937e+03
3.592405889080009729e+03
3.593028558839786001e+03
3.594227274785490863e+03
3.594469272698104760e+03
3.595779063753882838e+03
3.596421772540065376e+03
3.597802641294575096e+03
3.598948560206193633e+03
3.600166323796782308e+03
3.601104013685447171e+03
3.601791282751961717e+03
3.602418894262688355e+03
3.604248053633486052e+03
3.604754984017813513e+03
3.605494474971794716e+03
3.606359317624099731e+03
3.607574809645374444e+03
3.609283333034273255e+03
3.609700266168917551e+03
3.611101631551564878e+03
3.611910994676756673e+03
3.612324192687339746e+03
3.613549021241040464e+03
3.614327814642186240e+03
3.615606268124633516e+03
3.616840689133503929e+03
3.617802842397040877e+03
3.618452558515969940e+03
3.619885723507010880e+03
3.620705570449877541e+03
3.621886132366144011e+03
3.622179274502217595e+03
3.623558468473039738e+03
3.624437503556840966e+03
3.624881726597741363e+03
3.627060315519066535e+03
3.627949114790735621e+03
3.628610375056136036e+03
3.629407217611507349e+03
3.630363425045440181e+03
3.631308684288781933e+03
3.632478178336013571e+03
3.633440157775448824e+03
3.634056193093004822e+03
3.635673633427948516e+03
3.636439638357045169e+03
3.637540657717949216e+03
3.638553707679430772e+03
3.639679806517767247e+03
3.640362976494269788e+03
3.641010538146349518e+03
3.641707123241174486e+03
3.643479573648181031e+03
3.644403358341780859e+03
3.645632116643506379e+03
3.646450894369831531e+03
3.647284261680403688e+03
3.648158454685518791e+03
3.649166164131527694e+03
3.650302043571159629e+03
3.651253106163416760e+03
3.651783523374765991e+03
3.653088326196389517e+03
3.654211437502704484e+03
3.655905726441463230e+03
3.656334529766239939e+03
3.656892829633305610e+03
3.658129372193820927e+03
3.658921689551014424e+03
3.659907500747567155e+03
3.660735665814956974e+03
3.662368949297409927e+03
3.663448288854976909e+03
3.664002007104591030e+03
3.664878137729471746e+03
3.666237025972965512e+03
3.667307339233034327e+03
3.667735638945522624e+03
3.669030191157441550e+03
3.669423746308953923e+03
3.670731997269177555e+03
3.672349351294876215e+03
3.673159176144118646e+03
3.674087608956143868e+03
3.675262610129655968e+03
3.675662484245629457e+03
3.676368938137253735e+03
3.677893295662794571e+03
3.678847783056964545e+03
3.679818311649507905e+03
3.680583983908415121e+03
3.682418731435667269e+03
3.682571730549067979e+03
3.683971024203510297e+03
3.684859893088268109e+03
3.685974442142427051e+03
3.686271337180935461e+03
3.687538413759765717e+03
3.688177027971996267e+03
3.690184258111030431e+03
3.691039162252975075e+03
3.691756939721431536e+03
3.692647653927345800e+03
3.693370984735038746e+03
3.694791126717894713e+03
3.695672790133180570e+03
3.696121982633589141e+03
3.697585963644991807e+03
3.698547362766514198e+03
3.699430292630650001e+03
3.700838316759630288e+03
3.702050756987914610e+03
3.702460155933212718e+03
3.703347476075603481e+03
3.704209894382999664e+03
3.705129228187902299e+03
3.706294721355962793e+03
3.707579055361438805e+03
3.708658452868782206e+03
3.709582271723353188e+03
3.710371491776773382e+03
3.711404818176416484e+03
3.712170139466612454e+03
3.713583581050868816e+03
3.714424676839816129e+03
3.714739333589796388e+03
3.715846459034948566e+03
3.717751095917050861e+03
3.718498355474487198e+03
3.719483495399308140e+03
3.720182048932696489e+03
3.721296040000338508e+03
3.722058836768195761e+03
3.722627320552538549e+03
3.724388127501142208e+03
3.724882319990301312e+03
3.726517718264919040e+03
3.727105295973327884e+03
3.727938465955540323e+03
3.729472791701950882e+03
3.730187320676354375e+03
3.731075159248372529e+03
3.731652937302642840e+03
3.732847475613411916e+03
3.733671696807125500e+03
3.735007644637012618e+03
3.736462855616984143e+03
3.737426702784950066e+03
3.737847779331928905e+03
3.738588055467694176e+03
3.739831690660130789e+03
3.740875153687164129e+03
3.741925079348679901e+03
3.742485013546845494e+03
3.743859616211629600e+03
3.744846671965053702e+03
3.746135972512802709e+03
3.746840953103113861e+03
3.747997127044578519e+03
3.748752860722956939e+03
3.749672707911018279e+03
3.750303158431205247e+03
3.751164644510357903e+03
3.753186449129887933e+03
3.753946989066385868e+03
3.754507321882974793e+03
3.755922818842412653e+03
3.756524972712017188e+03
3.757481439849810158e+03
3.758696426296330173e+03
3.759359216675577954e+03
3.760582729132616350e+03
3.761085334951762889e+03
3.762475079096339414e+03
3.763999842697677650e+03
3.764644280169985450e+03
3.765746026064096441e+03
3.766455967531820534e+03
3.766872421484277766e+03
3.768338640155954636e+03
3.769293394313006502e+03
3.770105497899101010e+03
3.771728992761721202e+03
3.772512331217440078e+03
3.773467327740988367e+03
3.773941580304985109e+03
3.775752711840115353e+03
3.776258807342244381e+03
3.777143244333655730e+03
3.777833370602115792e+03
3.778839373785258431e+03
3.780226486450645552e+03
3.781668646123160670e+03
3.782390575661851472e+03
3.783126649463720241e+03
3.784265550345229713e+03
3.784865105099824632e+03
3.785791018600925327e+03
3.786935697906058977e+03
3.788263664870251887e+03
3.788800050331939474e+03
3.790041776672573633e+03
3.791020914404688938e+03
3.792560247671588513e+03
3.792872479501939324e+03
3.793790990276485445e+03
3.795021653416458321e+03
3.795808588147873706e+03
3.796139177933294832e+03
3.797854055842943581e+03
3.799298497077311822e+03
3.800132426403406498e+03
3.800877635578880017e+03
3.801590617175651914e+03
3.802640239732520968e+03
3.803829200465714621e+03
3.804790840393653980e+03
3.805434646754818004e+03
3.806297896755331749e+03
3.808093049896331650e+03
3.808459507836560988e+03
3.809874248312906275e+03
3.811184712334396863e+03
3.811428221764781028e+03
3.812544754398985788e+03
3.812978308901785567e+03
3.814327017461777359e+03
3.815531819858070776e+03
3.816602598127822603e+03
3.817768707914308379e+03
3.818505533965585528e+03
3.819414498547846961e+03
3.820438313369253592e+03
3.821438059666772915e+03
3.822371913385552034e+03
3.823148110407561035e+03
3.824418553124507980e+03
3.824541037159350708e+03
3.826947627237762390e+03
3.827576335685668710e+03
3.828339520519641155e+03
3.829144810486888673e+03
3.830161823923041538e+03
3.831034679119847624e+03
3.831932487129554829e+03
3.832941548849468745e+03
3.834353094561193302e+03
3.835220398724040024e+03
3.836022881981186401e+03
3.837238847224151414e+03
3.838084058667459885e+03
3.839426268466037982e+03
3.839974002766309241e+03
3.840504678748195147e+03
3.841682344812185420e+03
3.842678532636432465e+03
3.844403553213034684e+03
3.844897010964168203e+03
3.846487475476057625e+03
3.846747301182659157e+03
3.847681749670896806e+03
3.848415301005862602e+03
3.850170201814829852e+03
3.850603920438379646e+03
3.851410102460568851e+03
3.852703102475248670e+03
3.853860293845637898e+03
3.854902586332991632e+03
3.855955254473828973e+03
3.856703867395885482e+03
3.857610583014921303e+03
3.858448586235992025e+03
3.859285738177006351e+03
3.860093008505172747e+03
3.861852719325408998e+03
3.862983783666957152e+03
3.863658286019182015e+03
3.864150190996822857e+03
3.865565077205411853e+03
3.866822404113286666e+03
3.866972328124997148e+03
3.868412859073881009e+03
3.869144666921011321e+03
3.870114034539457862e+03
3.871291750189439426e+03
3.872666546572794232e+03
3.873810208380673430e+03
3.874229614843760828e+03
3.875105197584665802e+03
3.876173740689806891e+03
3.876657964937793167e+03
3.878256174941054724e+03
3.879110338709994721e+03
3.880082213597441751e+03
3.881540350511397719e+03
3.882116845259779438e+03
3.882899992550470415e+03
3.884209799207988908e+03
3.885109963086112202e+03
3.886225209766245825e+03
3.886451289790500596e+03
3.887352013760036698e+03
3.889155346344496138e+03
3.890309181969027122e+03
3.891086883002408740e+03
3.891929936985990480e+03
3.893001131076966885e+03
3.893407062083334040e+03
3.894783730288917013e+03
3.895567931273915292e+03
3.896642632275134474e+03
3.897870750291092918e+03
3.898651961794555518e+03
3.899623743455614658e+03
3.901007764610421873e+03
3.902077427042258478e+03
3.902411160510889204e+03
3.903351543073145876e+03
3.904379191304120923e+03
3.905344851666203795e+03
3.906119319111883669e+03
3.908188165438193664e+03
3.908606362666069799e+03
3.909465847404124816e+03
3.910632716856539901e+03
3.910911438236158574e+03
3.912642948598512248e+03
3.913259137861760792e+03
3.914219923269219180e+03
3.914949001244906412e+03
3.916176538559951496e+03
3.917658165953608204e+03
3.918443052987649935e+03
3.919222740960692590e+03
3.920540431095450458e+03
3.921152570240051773e+03
3.921652560348288716e+03
3.922665203224202742e+03
3.924193310525357447e+03
3.925247119257292979e+03
3.926176083583575291e+03
3.927080517370093276e+03
3.928142218295294242e+03
3.928886559206820493e+03
3.930099281280357445e+03
3.930891086382284811e+03
3.931745217360564766e+03
3.932624568087018815e+03
3.933516881842037947e+03
3.934938347808599246e+03
3.936443286119626009e+03
3.936974234313654961e+03
3.937905380853557290e+03
3.938214616536864469e+03
3.939775186811875301e+03
3.940434637596688844e+03
3.941630029648000800e+03
3.942352722187777999e+03
3.944030362806929134e+03
3.944650915652395724e+03
3.945333063668887007e+03
3.946878983570570199e+03
3.947703864074578632e+03
3.948434192200487360e+03
3.949313705822149586e+03
3.950132375511085229e+03
3.950859466439662810e+03
3.952942870156917252e+03
3.953356526591264810e+03
3.954778621164597098e+03
3.955176546372732446e+03
3.956420217191614029e+03
3.957019901776542611e+03
3.957954717947092377e+03
3.959470755505529723e+03
3.960071028756977285e+03
3.960770534614479402e+03
3.962168461926687996e+03
3.963470348861256298e+03
3.964312649523208165e+03
3.965132707098912306e+03
3.966138714993044232e+03
3.966753894106404005e+03
3.967818761421170620e+03
3.968484653607896234e+03
3.969914600219660315e+03
3.971318070212216298e+03
3.972115760264560322e+03
3.973010681503586056e+03
3.973457014783824434e+03
3.974893413368283291e+03
3.976066183195673602e+03
3.976731418901192228e+03
3.977113908694971542e+03
3.978686119979256546e+03
3.979497341176278042e+03
3.980844099782236299e+03
3.982048502086845929e+03
3.982764068116537146e+03
3.983749795369122694e+03
3.984227435181157034e+03
3.985098725242399723e+03
3.986516179038180326e+03
3.987230709154775468e+03
3.988719449264675859e+03
3.989352175808955508e+03
3.990481409607345995e+03
3.991570890985175538e+03
3.992331105099822253e+03
3.993293163731766981e+03
3.994395873998452316e+03
3.995168459723067372e+03
3.995797813413111271e+03
3.996689040233028209e+03
3.998809292299706613e+03
3.999519248285303092e+03
4.000017285178770635e+03
4.001144258634627477e+03
4.002112349427714435e+03
4.002695719414773521e+03
4.004022451394682321e+03
4.004806731028674676e+03
4.005876737437339216e+03
4.006931920817723494e+03
4.008142030891384366e+03
4.008689596252476349e+03
4.010361019023809604e+03
4.010983311280304861e+03
4.011663881541786850e+03
4.012568916000892386e+03
4.013233688805466500e+03
4.014657294818277478e+03
4.015657651051641096e+03
4.016968938010016700e+03
4.018029268458575643e+03
4.018776951600019856e+03
4.019106065040812155e+03
4.020570773103663669e+03
4.021628014217374584e+03
4.022380106437604809e+03
4.023428504974205225e+03
4.023905151400087107e+03
4.025583199026725651e+03
4.026602759101599531e+03
4.027866297571924406e+03
4.028247172919727291e+03
4.029195557080540311e+03
4.030383280199062028e+03
4.030916107786028078e+03
4.031654311715944914e+03
4.033374476877376765e+03
4.034520820162190830e+03
4.035105599029920995e+03
4.036079389601863113e+03
4.037126014571026190e+03
4.038290698859279019e+03
4.038948310434303494e+03
4.039857819222256239e+03
4.040940563221796310e+03
4.041464677644774383e+03
4.042702480396315423e+03
4.044322287003434667e+03
4.045055147387291072e+03
4.046214784829124255e+03
4.046738210817314211e+03
4.047468044325976734e+03
4.048380709827563351e+03
4.049973704686576184e+03
4.050431390624204141e+03
4.051384379551233906e+03
4.052997625981506189e+03
4.053566272077934173e+03
4.054690712870254174e+03
4.055477852503357099e+03
4.056996361903224624e+03
4.057428904233524463e+03
4.057993493539175688e+03
4.059085428288183266e+03
4.060048996006783000e+03
4.061743933049635416e+03
4.062850288692900449e+03
4.063157725455432683e+03
4.064358380196390044e+03
4.065178475192899441e+03
4.066109592650519517e+03
4.067074106868812578e+03
4.068083223826024550e+03
4.068969297626075786e+03
4.070281912569777887e+03
4.070603677649607562e+03
4.072705128706193136e+03
4.073126450172392197e+03
4.074087681133033584e+03
4.074817064510665659e+03
4.075741346670090479e+03
4.076719781863791923e+03
4.077413345484527781e+03
4.078922771360211755e+03
4.080108304481201685e+03
4.081066083420945688e+03
4.081698568431797867e+03
4.082588348141119695e+03
4.083630042860071171e+03
4.084942883202912526e+03
4.085515370585825622e+03
4.086379221074612360e+03
4.086967478975275753e+03
4.088781881483158031e+03
4.089730285637656380e+03
4.090591265910279162e+03
4.091910846159219091e+03
4.092297206464625106e+03
4.093248362229124268e+03
4.093905911945289063e+03
4.095137930751253407e+03
4.096510847296560314e+03
4.097063684460353215e+03
4.098475186448155910e+03
4.099244845293626895e+03
4.100107534130519525e+03
4.101578447921559928e+03
4.102037362535125794e+03
4.102825941825781229e+03
4.104141331202192305e+03
4.104613098579829057e+03
4.105512852569225288e+03
4.107327219355882335e+03
4.108624233430277854e+03
4.108852443160772054e+03
4.109710931285796505e+03
4.110634319886720732e+03
4.111859845445077553e+03
4.112667206018722027e+03
4.113485989227036953e+03
4.114687567837158895e+03
4.115615773798476766e+03
4.116813980891257415e+03
4.117600710739797250e+03
4.118974352669458312e+03
4.119596332883649666e+03
4.120634210584368702e+03
4.121348656802788355e+03
4.121794658785041975e+03
4.123240086669544326e+03
4.124648829380197640e+03
4.125592128452604811e+03
4.126378063880529226e+03
4.127593370808396685e+03
4.128298166699678404e+03
4.128777675202575665e+03
4.130466763780259498e+03
4.131136979899321886e+03
4.131928002432784524e+03
4.132724451307376512e+03
4.134050648828269004e+03
4.135441760021329173e+03
4.136396688873409403e+03
4.136974853483482548e+03
4.137962941379642871e+03
4.138838339555501989e+03
4.139464099155238728e+03
4.140892830115632933e+03
4.141373775320128516e+03
4.143347062500451102e+03
4.143897624856071161e+03
4.144603298798390824e+03
4.145564792568008670e+03
4.147071922279525097e+03
4.147595069547504863e+03
4.148652520778808139e+03
4.149069451050762837e+03
4.150445097952485412e+03
4.151146851509498447e+03
4.152768725265643297e+03
4.153839146745051949e+03
4.154630899005978790e+03
4.155334787261632300e+03
4.156296304962837894e+03
4.156913907991741326e+03
4.158129334413811193e+03
4.159480461698979525e+03
4.159921665840759488e+03
4.161096281182124585e+03
4.162377914593377682e+03
4.163278853050828729e+03
4.164135351440631894e+03
4.165139162955595566e+03
4.166078428062398416e+03
4.166984173408356583e+03
4.167509875345773253e+03
4.168303453625533621e+03
4.170482806110563615e+03
4.170875114381648018e+03
4.172130758051546763e+03
4.172876966851704310e+03
4.173416864022804475e+03
4.174873181874607326e+03
4.175512052252207468e+03
4.176643071920198054e+03
4.177322188624039882e+03
4.178530304183175758e+03
4.179574699430187138e+03
4.180503181765203408e+03
4.181922493184464656e+03
4.182850792879099572e+03
4.183377504371781470e+03
4.183846344459318971e+03
4.185312727675292990e+03
4.185957936687376787e+03
4.187200718846233940e+03
4.188419977240157095e+03
4.189615279793394620e+03
4.190233269290908538e+03
4.190985912225672109e+03
4.192109712345712069e+03
4.193175851165785389e+03
4.194092245882131465e+03
4.194899013888260924e+03
4.195541351655143444e+03
4.196604548355804582e+03
4.198425989112479328e+03
4.199335192631164318e+03
4.199633002829636098e+03
4.200997463466575937e+03
4.201827002236684166e+03
4.202416698746014845e+03
4.203280813660138847e+03
4.204736011073341615e+03
4.205627365267386267e+03
4.206870191888257068e+03
4.207354542104388202e+03
4.208734782098326832e+03
4.209642902759412209e+03
4.210549793194042650e+03
4.211527980700038825e+03
4.212170228129721181e+03
4.212967293233468808e+03
4.214117686583577779e+03
4.215179293281830724e+03
4.216832135763850602e+03
4.217495524251770803e+03
4.218230788626875437e+03
4.219086410356289889e+03
4.219672061531219697e+03
4.221306739710483271e+03
4.222126671441044891e+03
4.222507243705137626e+03
4.223901179992220023e+03
4.225282365846363064e+03
4.225722307332870514e+03
4.227210630501786000e+03
4.227984705072136421e+03
4.228980834106910152e+03
4.229533411497629459e+03
4.230657847975155164e+03
4.231008079754503342e+03
4.232660327378782313e+03
4.234137260750954738e+03
4.234672186485428028e+03
4.235502814784649672e+03
4.236708778081333548e+03
4.237343105088598350e+03
4.238581562429219957e+03
4.239083355091352132e+03
4.240609223276220291e+03
4.241104024290079906e+03
4.241783753083254851e+03
4.243573652494019370e+03
4.244575822632996278e+03
4.245621059995546602e+03
4.246010961501898237e+03
4.247050666369494138e+03
4.247882863620120588e+03
4.248798229920726044e+03
4.249842360550784178e+03
4.251024571916936111e+03
4.252063770376692446e+03
4.253452157043095212e+03
4.253641943495415035e+03
4.254606741244740988e+03
4.256253977915078394e+03
4.256903916379891598e+03
4.257398426070860296e+03
4.258412309498923605e+03
4.259219971503958732e+03
4.260828780400028336e+03
4.261801316153905645e+03
4.262834917758817937e+03
4.263851070090161556e+03
4.264326484097472530e+03
4.265197753530233967e+03
4.266175526297828583e+03
4.267375018115874809e+03
4.268223032063958271e+03
4.269311963383198417e+03
4.270228945852237302e+03
4.271219357724018664e+03
4.272626546682788103e+03
4.273266070375791969e+03
4.274006198485267305e+03
4.275106732633899810e+03
4.275863648070409909e+03
4.276733176340385398e+03
4.277420042959429338e+03
4.279548867188123950e+03
4.280161625524678129e+03
4.280973787692787482e+03
4.281587159761130351e+03
4.282943479138628391e+03
4.283493728632652164e+03
4.284844965401471200e+03
4.285629053648214722e+03
4.286158107286907580e+03
4.287680518179437968e+03
4.288504766274432768e+03
4.289812145760645762e+03
4.290683826357642829e+03
4.291674919393785785e+03
4.292726444975231061e+03
4.292817263390514199e+03
4.293813814959747106e+03
4.295348211448382244e+03
4.296247687553782271e+03
4.297269668492699566e+03
4.298663179089636287e+03
4.299054947282909779e+03
4.300089148378121536e+03
4.301012050609301696e+03
4.302145194882383294e+03
4.303183384178737469e+03
4.303534636903585124e+03
4.304617528001024766e+03
4.305613823712048543e+03
4.307449077599056181e+03
4.307998991754306189e+03
4.309172964976841286e+03
4.309358615069695588e+03
4.310632176097218689e+03
4.311662007243921835e+03
4.312226430123791033e+03
4.313401370258528914e+03
4.314799283160255072e+03
4.315573741805211284e+03
4.316464656306923644e+03
4.317356190740262718e+03
4.318867542854212843e+03
4.319406828392036005e+03
4.320162243602362651e+03
4.321074891627432407e+03
4.322076165190022039e+03
4.322664566486274452e+03
4.324546748008150644e+03
4.325293085728018013e+03
4.326350118583584845e+03
4.327394690703758897e+03
4.327700362559461610e+03
4.328615769054413249e+03
4.330027835915254400e+03
4.330890065791732013e+03
4.331851915622106389e+03
4.332303902286719676e+03
4.334020581083662364e+03
4.335063147370884508e+03
4.335606667165305225e+03
4.337133662605669087e+03
4.337451842980884066e+03
4.338719122162573512e+03
4.339027061506978498e+03
4.340087832540901218e+03
4.341413050962383750e+03
4.342901618174997566e+03
4.343563201207074599e+03
4.344334641491140246e+03
4.345249657154565284e+03
4.346242896210364052e+03
4.347628030072289221e+03
4.347788735321778404e+03
4.348975430851982310e+03
4.350013922105545134e+03
4.350871384355095870e+03
4.351952516632844890e+03
4.353700189732446233e+03
4.354220757625007536e+03
4.354724596590271176e+03
4.355893110782248186e+03
4.356482766408338648e+03
4.357587591693042668e+03
4.358755643132420118e+03
4.359500185597816198e+03
4.361191076817522116e+03
4.361486734502675972e+03
4.362761583185764721e+03
4.363525581318882359e+03
4.364546908846036786e+03
4.365671997008555991e+03
4.366527307542686685e+03
4.367000511849068971e+03
4.367711048429534458e+03
4.369537964927337271e+03
4.370734627509905295e+03
4.371362633022014961e+03
4.372227906507432635e+03
4.373433178290922115e+03
4.373863804411418641e+03
4.374695096160702633e+03
4.376083223911225105e+03
4.376982953296759661e+03
4.377768463362284820e+03
4.379103315875457156e+03
4.379759864529332845e+03
4.381091028309864669e+03
4.382125949498676164e+03
4.382875748523263610e+03
4.383466427318297065e+03
4.384419601139081351e+03
4.385579886328903740e+03
4.386083678707494073e+03
4.387756260025841584e+03
4.389029478391509656e+03
4.389719630868888089e+03
4.390351108275227489e+03
4.391021213066959717e+03
4.392574337674838716e+03
4.393358662552605892e+03
4.394028511126825833e+03
4.395060893844162820e+03
4.395951097930616015e+03
4.397223222687317502e+03
4.398451719633069843e+03
4.399177467304123638e+03
4.400270180039160550e+03
4.401175471547632696e+03
4.401533574080141989e+03
4.402808234516905941e+03
4.403239569924188800e+03
4.405218604639987461e+03
4.405832303993915957e+03
4.406706876416488740e+03
4.407973180939618942e+03
4.408623707863403979e+03
4.409666097134110714e+03
4.410491141982205590e+03
4.411715201530781997e+03
4.412237247490713344e+03
4.413216561165380881e+03
4.413934044512484434e+03
4.415850961826549792e+03
4.416593999029480983e+03
4.417580116975685087e+03
4.418241556472838056e+03
4.418971524790857984e+03
4.419922457573363317e+03
4.421141217996643718e+03
4.421904701207757171e+03
4.422790749620977294e+03
4.424339666554156793e+03
4.425244909574641497e+03
4.425495648732297923e+03
4.427164720656212012e+03
4.428073175842685487e+03
4.428881802431637880e+03
4.429488009566998699e+03
4.430247448795439595e+03
4.431424340483087690e+03
4.432575627454584719e+03
4.434029253195874844e+03
4.434779104836070474e+03
4.435529083292576615e+03
4.436423737983623141e+03
4.437394173677605977e+03
4.437976869628506392e+03
4.439557560714414649e+03
4.440107585509011187e+03
4.441064996264988622e+03
4.441984948578357944e+03
4.443365941871084033e+03
4.444564424110313666e+03
4.445238338540593759e+03
4.445772758248950595e+03
4.447263096016793497e+03
4.447732962461683201e+03
4.448301901068324696e+03
4.449635268124367940e+03
4.451098120800309516e+03
4.452188083705133067e+03
4.452680702066041704e+03
4.453734551271115379e+03
4.454462905440249415e+03
4.455762657972554734e+03
4.456703250193513668e+03
4.457245826339943051e+03
4.458188749330669452e+03
4.459171279016140943e+03
4.460548529287535530e+03
4.461404140478537556e+03
4.462734622194915573e+03
4.463647648067207228e+03
4.464038523256989720e+03
4.464812716127627027e+03
4.465805997569222200e+03
4.467228532883001208e+03
4.467739817015275548e+03
4.469170662737410566e+03
4.469978032831733799e+03
4.471361757252288044e+03
4.471550195590351905e+03
4.472959272015182250e+03
4.474186277577406145e+03
4.474317091778977556e+03
4.475801110931759467e+03
4.476246519157506555e+03
4.477015857063332078e+03
4.479269423276334237e+03
4.479730664772092496e+03
4.480533629739235948e+03
4.481410040221137933e+03
4.482366885688958064e+03
4.483238277466884028e+03
4.484123623369348934e+03
4.485052226103623980e+03
4.486327219162941219e+03
4.487084191427811675e+03
4.488070667249015059e+03
4.489240895547541186e+03
4.490295506994854804e+03
4.491218481252422862e+03
4.492008277878969238e+03
4.492638034669213084e+03
4.493533634735208580e+03
4.494493755901567965e+03
4.495810018029897037e+03
4.496893451767265105e+03
4.498107112046466682e+03
4.498778394072473020e+03
4.499585223107457750e+03
4.500164602396069313e+03
4.501627186643984714e+03
4.502673855553593967e+03
4.503329854345718559e+03
4.503715555681810656e+03
4.505458867093072513e+03
4.506311496728824750e+03
4.507745182883217240e+03
4.508211436902683090e+03
4.509371444648123543e+03
4.509943668937143229e+03
4.511040014028520091e+03
4.511462718596944796e+03
4.512809991107199494e+03
4.514077139589541730e+03
4.515191306764589172e+03
4.516089845213538865e+03
4.516365671040828602e+03
4.518275389222432750e+03
4.518584679215418873e+03
4.519574800020459406e+03
4.520538555008726689e+03
4.521475485153272530e+03
4.522144077728261436e+03
4.523237464378725235e+03
4.524973397160755667e+03
4.525790882296900236e+03
4.526348586358787543e+03
4.527353633124018415e+03
4.527943893544785169e+03
4.529069234592007888e+03
4.530025233174411369e+03
4.531318968337886872e+03
4.531643575987181066e+03
4.533297976471441871e+03
4.534135598244321045e+03
4.534935556004702448e+03
4.535907562516729740e+03
4.537252568547485680e+03
4.537806098343882695e+03
4.538508935088108046e+03
4.539188862923705528e+03
4.540347726623454037e+03
4.542129666250978516e+03
4.542620486098007859e+03
4.543746922273790915e+03
4.544720271320875327e+03
4.545263343636484933e+03
4.546141207421272156e+03
4.547593415368720343e+03
4.547938636006363595e+03
4.549281071828128006e+03
4.550068688879314323e+03
4.550979693585295536e+03
4.552321926160970179e+03
4.553536850280879662e+03
4.554197951050970005e+03
4.554959391486876484e+03
4.555595473599202705e+03
4.556891310536484525e+03
4.557533974070577642e+03
4.558396623828290103e+03
4.560215941097671021e+03
4.560999833506231880e+03
4.561629346601569523e+03
4.562596817089267461e+03
4.563416046267604543e+03
4.564815955844672317e+03
4.565416958272248849e+03
4.566253326081946398e+03
4.567121450990623998e+03
4.567941686478497104e+03
4.569615770295187758e+03
4.570433329174898972e+03
4.571457898785561156e+03
4.572249860418586650e+03
4.573246173187393651e+03
4.573924130511974909e+03
4.574297621384388549e+03
4.576189954391835272e+03
4.576793917799957853e+03
4.577859111429865152e+03
4.578927025832072104e+03
4.579956917853998675e+03
4.580717084505585262e+03
4.581894187213451005e+03
4.582568249086154538e+03
4.583673687920993871e+03
4.584380768499227088e+03
4.584977258165432431e+03
4.586207762605340577e+03
4.587674877076507983e+03
4.588977914220216917e+03
4.589643449489509294e+03
4.589748811533983826e+03
4.591204146513096930e+03
4.592049309087908114e+03
4.593159791572761605e+03
4.593836891986130468e+03
4.594787190560325143e+03
4.596263664401222741e+03
4.596829908459071703e+03
4.597820812342330100e+03
4.599373672439865913e+03
4.599907579437689492e+03
4.600630054113463302e+03
4.601602961817195137e+03
4.602256123513840066e+03
4.603209690545088051e+03
4.604641681401318237e+03
4.605883451695221083e+03
4.606462472402407911e+03
4.607753032587037524e+03
4.608216380944203593e+03
4.609224160777060206e+03
4.610084231645927503e+03
4.611484674457679830e+03
4.612028597458637705e+03
4.612788854013540913e+03
4.613684307641332452e+03
4.615536616091181713e+03
4.616222300661647751e+03
4.616958582780834149e+03
4.618107678910147115e+03
4.618767170618818454e+03
4.619465593896856262e+03
4.620544365612922775e+03
4.621348279218696916e+03
4.622819323121313573e+03
4.623805611944196244e+03
4.624726278755093517e+03
4.625409262501685589e+03
4.626342985703833619e+03
4.627790229823108348e+03
4.628463443401888981e+03
4.628974234757262820e+03
4.629888782939314297e+03
4.631226406988970666e+03
4.631762401043949467e+03
4.633564438992180840e+03
4.634307105418772153e+03
4.635357160887009741e+03
4.636028343960683742e+03
4.636392280747452787e+03
4.637792071980072251e+03
4.638748153747897049e+03
4.639715380822985026e+03
4.640561739730958834e+03
4.641758272380068775e+03
4.642685758176652598e+03
4.643751735863572321e+03
4.644753105527211119e+03
4.645362987352405071e+03
4.646739486074074193e+03
4.647117263732463471e+03
4.648112608174797060e+03
4.648564886816581748e+03
4.650614330328304277e+03
4.651664121145863646e+03
4.652088399128892888e+03
4.653119156055231542e+03
4.654068949599623011e+03
4.654947323957917433e+03
4.655721560896440678e+03
4.656922418573236428e+03
4.657820890194844651e+03
4.658394949957774770e+03
4.659918687610412235e+03
4.660563963934253479e+03
4.662080004603230009e+03
4.662945890919434532e+03
4.663505025593542996e+03
4.664322897246287539e+03
4.665141375953133320e+03
4.666090798752812589e+03
4.667424428268022893e+03
4.668055177752044983e+03
4.669829513522149682e+03
4.670350631746016916e+03
4.671032106498723806e+03
4.671877847964575267e+03
4.673282690521288714e+03
4.674126716048520393e+03
4.674741639863472301e+03
4.675727566686425234e+03
4.676334095816126137e+03
4.677930219147139724e+03
4.679087491041082103e+03
4.680088468859476961e+03
4.680606397111238948e+03
4.681604890746662022e+03
4.682648662425130169e+03
4.683021291066600497e+03
4.684186914789594084e+03
4.685407789642226817e+03
4.686708155145731325e+03
4.687072177975256636e+03
4.688252603006428217e+03
4.689505062437306151e+03
4.690178840007100916e+03
4.691296768788713052e+03
4.691862100090804233e+03
4.692866432862005240e+03
4.693939417293336192e+03
4.694173942793325295e+03
4.696095849872810504e+03
4.697354147471542092e+03
4.697774403761154645e+03
4.698924504209172483e+03
4.699497252230962658e+03
4.700158603280910029e+03
4.701842587035350334e+03
4.702437645696000800e+03
4.703015173840540228e+03
4.704338118407428738e+03
4.705482138782042966e+03
4.706468570903251020e+03
4.707187171952140488e+03
4.708595427452169133e+03
4.709332678157477858e+03
4.709944940346284966e+03
4.710552242005027438e+03
4.711691980184833483e+03
4.712777797477036984e+03
4.714247723107137062e+03
4.714997962824892056e+03
4.715952621727106816e+03
4.716660239219091636e+03
4.717733401081525699e+03
4.718529894766793404e+03
4.719595704166862561e+03
4.720386694373550199e+03
4.721537540939961218e+03
4.721954561819576156e+03
4.723234934939146115e+03
4.724996421877651301e+03
4.725487196574649715e+03
4.726271143852757632e+03
4.726949295824610090e+03
4.728211604352939503e+03
4.728750507230119183e+03
4.729661501548357592e+03
4.730962714323503860e+03
4.732021907044924774e+03
4.733193764940087931e+03
4.733844098699536517e+03
4.734527817832890833e+03
4.736044923936177838e+03
4.736596840064477874e+03
4.737784035547895655e+03
4.738432582516829825e+03
4.738793733317309488e+03
4.740332565971350959e+03
4.741721885804415251e+03
4.742414037310372805e+03
4.743717920629169384e+03
4.744421811483695819e+03
4.744996853269858548e+03
4.745842419030444034e+03
4.746839593742937723e+03
4.748335806689634410e+03
4.748700881129172558e+03
4.749728100218337204e+03
4.751215949059366721e+03
4.751682732579110962e+03
4.753084026101484596e+03
4.753918835840181600e+03
4.754589564975894973e+03
4.755588948859221091e+03
4.756356140489576319e+03
4.757222671632897800e+03
4.757970669573233863e+03
4.760158590209302929e+03
4.760441048058613887e+03
4.761516430763499557e+03
4.761983993808134073e+03
4.763158188506213264e+03
4.764275424407306673e+03
4.764998476803593803e+03
4.765803255384904332e+03
4.766884818058116252e+03
4.767868858831061516e+03
4.768726470928570961e+03
4.770256497157692138e+03
4.770891284039308630e+03
4.772057494829203279e+03
4.772644938936117796e+03
4.773439797772912243e+03
4.774056619725542987e+03
4.775395711249463602e+03
4.776429201254369218e+03
4.777635676983270969e+03
4.778374124696470972e+03
4.779596151378346804e+03
4.780479123089006862e+03
4.780708587502443152e+03
4.782356874431613505e+03
4.783343224125135748e+03
4.783714516795385862e+03
4.784640967678605193e+03
4.785525415338092898e+03
4.787252675346161595e+03
4.788152570124255362e+03
4.788999015740484538e+03
4.789698347933762307e+03
4.790733815868860802e+03
4.791291170821013111e+03
4.792408824018617452e+03
4.793347319652198166e+03
4.794286764715211575e+03
4.795780117831537609e+03
4.796352903431830782e+03
4.797097933597945485e+03
4.798420841862598536e+03
4.799673211404293397e+03
4.800097767615228804e+03
4.800671002186036276e+03
4.802188369508504366e+03
4.802377850869757822e+03
4.803704592676756874e+03
4.805072216480051793e+03
4.806371973581088241e+03
4.806921270594435555e+03
4.807541012033672814e+03
4.808604499169223345e+03
4.809346880319834781e+03
4.810531881343335044e+03
4.811632288844522918e+03
4.812160772203606939e+03
4.813045552124358437e+03
4.814681559817523521e+03
4.815324276549575188e+03
4.816451758256975154e+03
4.817232875407548818e+03
4.818240133484467151e+03
4.819028426196165128e+03
4.819754628168566342e+03
4.820210030017203280e+03
4.822221164872703412e+03
4.822905726969313037e+03
4.824137537479789898e+03
4.824678397755425976e+03
4.825736295502362736e+03
4.826494341214861379e+03
4.827767321263362646e+03
4.828337946620889852e+03
4.829386309918933875e+03
4.830136823559167169e+03
4.831185693208819430e+03
4.832224866730874055e+03
4.833663263959365395e+03
4.834665341189936044e+03
4.835144026609661523e+03
4.835951966776301560e+03
4.836608965378976791e+03
4.838026709907399891e+03
4.838660483732967805e+03
4.839647158112444231e+03
4.841064723645308732e+03
4.842043504687771929e+03
4.842585412400116184e+03
4.843621336000792326e+03
4.844699612969358895e+03
4.845696734419167115e+03
4.846657760143518317e+03
4.846916049334814488e+03
4.848107405391167958e+03
4.848885041904170976e+03
4.850871518792202551e+03
4.851468722998431986e+03
4.852001065083394678e+03
4.853425815431974115e+03
4.854027006706021893e+03
4.854574296102760854e+03
4.855718462363850449e+03
4.856921830081504595e+03
4.857815380260170969e+03
4.858604172218367239e+03
4.859680531624429022e+03
4.860809330725514883e+03
4.862076654387724375e+03
4.862359349645750626e+03
4.863760153919761251e+03
4.864191948667561519e+03
4.865055351272651023e+03
4.866071578271192266e+03
4.866954021268905308e+03
4.868588327038713032e+03
4.869466636285996174e+03
4.870517253831920243e+03
4.870696564723359188e+03
4.871705539530006718e+03
4.873193181375946551e+03
4.873818446227467575e+03
4.874789996783109018e+03
4.875237660837145086e+03
4.876743142327452006e+03
4.877725299567701768e+03
4.878629005583154139e+03
4.880058127358884121e+03
4.880609661001629320e+03
4.881311012339880108e+03
4.882304462235103529e+03
4.882890785935961503e+03
4.883927414234291064e+03
4.885362074723990190e+03
4.886270478879995608e+03
4.887198480646699863e+03
4.888175610835218322e+03
4.888908079346009799e+03
4.890214451316183840e+03
4.890627756888265139e+03
4.891783056074756132e+03
4.892934979042486702e+03
4.893388337635763492e+03
4.893963169529566585e+03
4.895963739545985845e+03
4.896957746690964086e+03
4.897650781297576941e+03
4.898457291766483650e+03
4.899161200688897225e+03
4.900429563379258070e+03
4.900742881746494277e+03
4.902307209902897739e+03
4.902821632068548752e+03
4.904228632937447401e+03
4.905142489080672931e+03
4.906098238142346418e+03
4.906699541973659507e+03
4.908330089351212337e+03
4.908913521444295839e+03
4.909624111714983883e+03
4.910245081667459090e+03
4.911291910102137990e+03
4.912451308936105306e+03
4.913660637618066175e+03
4.914792645831574191e+03
4.915700240689561724e+03
4.916332164477558763e+03
4.917230780504244649e+03
4.917807535042849850e+03
4.919487036337098289e+03
4.919889325052078675e+03
4.920840430543640650e+03
4.921970590627643105e+03
4.922718991373756580e+03
4.924317098249988703e+03
4.925077606689328604e+03
4.925795026681425043e+03
4.926727642209651094e+03
4.927597951290635137e+03
4.928526064803158079e+03
4.928957136245708170e+03
4.930240318442930402e+03
4.932036812774137616e+03
4.932600670527041075e+03
4.933068125843811686e+03
4.934352289122011825e+03
4.935200994249787982e+03
4.936133949523506089e+03
4.937207162985993818e+03
4.937770365700218463e+03
4.938753815526292783e+03
4.939641724784706639e+03
4.940852294862652343e+03
4.942135528578191952e+03
4.942976896462189870e+03
4.943977866731886934e+03
4.944641603020049843e+03
4.945186898517928057e+03
4.946119253478643259e+03
4.947500490321847792e+03
4.948389808797442129e+03
4.949085915385102453e+03
4.950615812591258873e+03
4.951502384929286563e+03
4.951878797918170676e+03
4.953200555668674497e+03
4.954255067679664535e+03
4.954976576379403014e+03
4.955822259816116457e+03
4.956466055278855492e+03
4.957331889630290789e+03
4.959028989320631808e+03
4.960163928407693675e+03
4.960758090264619568e+03
4.961688462943187005e+03
4.962261952448162447e+03
4.963526118617486645e+03
4.964307031405169255e+03
4.964925235089607668e+03
4.966633216269864533e+03
4.966868645587162973e+03
4.968394640927225737e+03
4.968836094655102897e+03
4.970479982679447858e+03
4.971339245556209789e+03
4.971824996149396611e+03
4.972713491617352702e+03
4.973711578032458419e+03
4.974430478147271060e+03
4.975310997142412816e+03
4.976964034077549513e+03
4.977755154086707989e+03
4.978847855753176191e+03
4.979580892326637695e+03
4.980118762529118612e+03
4.981192703747710766e+03
4.982512361526238237e+03
4.983225027314620093e+03
4.983979975829911382e+03
4.984568543574519026e+03
4.986252566835804828e+03
4.987187900982755309e+03
4.988191597307574739e+03
4.988905166592146998e+03
4.990345480286356178e+03
4.990449701819016809e+03
4.991214774408586891e+03
4.992379462341421458e+03
4.993495748983814337e+03
4.994632742172268081e+03
4.995879247704658155e+03
4.996220820876864309e+03
4.997396150707099878e+03
4.998370030195671461e+03
4.999329681372973027e+03
5.000234316931328067e+03
5.000834381432412556e+03
5.001889773627191971e+03
5.002854002891857817e+03
5.003484944378312321e+03
5.005495907487707882e+03
5.006208381106211164e+03
5.006788558806100809e+03
5.007485982919851267e+03
5.008626199656301651e+03
5.009229044117221747e+03
5.010811172544728834e+03
5.010933198106039526e+03
5.012396833739677277e+03
5.013533605873148190e+03
5.014238442056197528e+03
5.015357927937939166e+03
5.016192546914327977e+03
5.017347756568168734e+03
5.018084913547670112e+03
5.018939831850465453e+03
5.019395831473357248e+03
5.020352759395484100e+03
5.022203022983780102e+03
5.022834526019187251e+03
5.023904889141232161e+03
5.024725752594868027e+03
5.025730993593628227e+03
5.026185476882352305e+03
5.027221563711043927e+03
5.028537886820898166e+03
5.029216956939054398e+03
5.030026936938535982e+03
5.030967858186769263e+03
5.032399063540915449e+03
5.033166566080200027e+03
5.034550361163014713e+03
5.035013416408851299e+03
5.035523058437431246e+03
5.036841667107008107e+03
5.037500692756887474e+03
5.038324319636722976e+03
5.039621887452849478e+03
5.041041398993811526e+03
5.041798034522457783e+03
5.042492149716432323e+03
5.043015445393966729e+03
5.044656791091315426e+03
5.045467130480166816e+03
5.045941675502012913e+03
5.046997617430009996e+03
5.047863086184184795e+03
5.048790228819728327e+03
5.050308459699165724e+03
5.051106699533685969e+03
5.052279310472945326e+03
5.052772155289672810e+03
5.053712365319994205e+03
5.054434547343369559e+03
5.055192672473443054e+03
5.056605813079880136e+03
5.057589996235894432e+03
5.058345409417078372e+03
5.059439905818898296e+03
5.060559080915019877e+03
5.061326249329028542e+03
5.062168472726690197e+03
5.063182715937442481e+03
5.064333813619172361e+03
5.064628972968499511e+03
5.065480124960543435e+03
5.066576539184778994e+03
5.068384815238836381e+03
5.069095935944007579e+03
5.069675544138524856e+03
5.070868551265875794e+03
5.071249797277137986e+03
5.072410372660585381e+03
5.073482256176993360e+03
5.074356062041533733e+03
5.074911470242946052e+03
5.076598637947780844e+03
5.077152989530737614e+03
5.078001109183258450e+03
5.079612726167140863e+03
5.080123622144014007e+03
5.081130097770619614e+03
5.081694344429823104e+03
5.082317781511685098e+03
5.083769848918959724e+03
5.084387439340744095e+03
5.085944230786496519e+03
5.086999761578075777e+03
5.087532668937758899e+03
5.088598901322012352e+03
5.089178093913297744e+03
5.090345876811557901e+03
5.091262957883617673e+03
5.092401941911388349e+03
5.092837760452182010e+03
5.093668880110625651e+03
5.095086913061577434e+03
5.096637933186209921e+03
5.096959423856328613e+03
5.097814429758906044e+03
5.098956789006186227e+03
5.099610743037994325e+03
5.100491462416200193e+03
5.101034063048500684e+03
5.102645948615171619e+03
5.103728341253025064e+03
5.104418093046759168e+03
5.105638635526429425e+03
5.106052225949797503e+03
5.107385740123911091e+03
5.108447770149330609e+03
5.108959096698433314e+03
5.109838982090976970e+03
5.110806041672267384e+03
5.111503124654462226e+03
5.113010157221725422e+03
5.113946042880454115e+03
5.115372842952989231e+03
5.115726762097795472e+03
5.116560557463714758e+03
5.117025993413477408e+03
5.118533838768626993e+03
5.119365669161571532e+03
5.120240023466490129e+03
5.121083490155638174e+03
5.122454781409748648e+03
5.123302893477930411e+03
5.124061784988072759e+03
5.125253686756768730e+03
5.126279118015171662e+03
5.126729993291784012e+03
5.127741716959095356e+03
5.128681624974387887e+03
5.128964483858673702e+03
5.131043898973589421e+03
5.132007167837768975e+03
5.132683137054002145e+03
5.133306575989659905e+03
5.134663043878822464e+03
5.135171964073656454e+03
5.136129936082094900e+03
5.137206291398494614e+03
5.138042957957294675e+03
5.139121530962120232e+03
5.139679125649692651e+03
5.141096623935637581e+03
5.142447907864871013e+03
5.142902032222719754e+03
5.143933700533922092e+03
5.144587752601528337e+03
5.145480449174140631e+03
5.146149645919570503e+03
5.147562791840009595e+03
5.148253527357285748e+03
5.149768260280787217e+03
5.150709614962306659e+03
5.151141849586538228e+03
5.152186214623064188e+03
5.152953127294702426e+03
5.154656845439167228e+03
5.154899143797593752e+03
5.155493362582533337e+03
5.156509447328251554e+03
5.157819065555745510e+03
5.158954824000827102e+03
5.160057736251625101e+03
5.160852779927914526e+03
5.161605392922148894e+03
5.162587186685206689e+03
5.163060164468372932e+03
5.164102312022032493e+03
5.165306771505407596e+03
5.166191972908492971e+03
5.167483594402169729e+03
5.167990828057263570e+03
5.169070194564032136e+03
5.170291516087272612e+03
5.171235927501473270e+03
5.171585481171242463e+03
5.172801688876791559e+03
5.173675024556315293e+03
5.174359901137177985e+03
5.175093122777010649e+03
5.177237132249380920e+03
5.177609630022530837e+03
5.178752194620449700e+03
5.179202606391488189e+03
5.180106626202653388e+03
5.181189792408520589e+03
5.182130914016585848e+03
5.182998826329178883e+03
5.183950307013238671e+03
5.184685795032389251e+03
5.186355746810168966e+03
5.186709472600945446e+03
5.187887847767473431e+03
5.189076719613567548e+03
5.189859588661657654e+03
5.190355291128359568e+03
5.191126801598029488e+03
5.192046486955980072e+03
5.193404415343728033e+03
5.194707488901574834e+03
5.195159163853735663e+03
5.196707324197993330e+03
5.197117498331677780e+03
5.197718324176152237e+03
5.199223858199089591e+03
5.199776329229934163e+03
5.200961311213041881e+03
5.201555843874249149e+03
5.202457989722174716e+03
5.203521216949647169e+03
5.205099606994962414e+03
5.205900595704827538e+03
5.206633161678679244e+03
5.207215066682223551e+03
5.208288522939908034e+03
5.209138239301665635e+03
5.210010911048567323e+03
5.210808218699839927e+03
5.212419404469542314e+03
5.213316674242102636e+03
5.213896943192008621e+03
5.214775252559325054e+03
5.216054491352254445e+03
5.216932009341216144e+03
5.217650795320354518e+03
5.218691413008385098e+03
5.219057877220098817e+03
5.220220855174182361e+03
5.221422951323059351e+03
5.222858787673092593e+03
5.223434428937764096e+03
5.224457463495684351e+03
5.225256065096585189e+03
5.226148424105464983e+03
5.226351540382446728e+03
5.228183098672056985e+03
5.229198557199219977e+03
5.229241811258999405e+03
5.230897209709423805e+03
5.231815083588342532e+03
5.232884620192417970e+03
5.233658115095418907e+03
5.234640289888719053e+03
5.235574735166033861e+03
5.236300461229102439e+03
5.236957439364859056e+03
5.237801695401994948e+03
5.239192789208161230e+03
5.240607636041085243e+03
5.241502825459770975e+03
5.241822720416352240e+03
5.242792985388688066e+03
5.243882548868624326e+03
5.244845451001428046e+03
5.245755732517577599e+03
5.246279250856914587e+03
5.247610320391932873e+03
5.248441539016075694e+03
5.249366336131659409e+03
5.250675238104248820e+03
5.251798558626512204e+03
5.252522037866706341e+03
5.252890575148449898e+03
5.253944070491726961e+03
5.254912630870912835e+03
5.255613164303761550e+03
5.257081180064536056e+03
5.257924941007523557e+03
5.259108320960425772e+03
5.259771904521842771e+03
5.260959190246010621e+03
5.261180476047183220e+03
5.262848835686331768e+03
5.263396965101677779e+03
5.264411378017649440e+03
5.265088374535057483e+03
5.265605936327469863e+03
5.267885364151472459e+03
5.268198270777970720e+03
5.269201393021088734e+03
5.270259454504893256e+03
5.270886227525979848e+03
5.271696969115178945e+03
5.272517960360033612e+03
5.273578737968437053e+03
5.274691509015373413e+03
5.275643878877956013e+03
5.276683503025369646e+03
5.277475759502642177e+03
5.278379390382477141e+03
5.279775667717842225e+03
5.280315445981201265e+03
5.281239950686326665e+03
5.281633380065803067e+03
5.283163868559921866e+03
5.283478719186035050e+03
5.284926926629153058e+03
5.286437161557581931e+03
5.287137482205340348e+03
5.287711380226104666e+03
5.288515549597786958e+03
5.289353245221510406e+03
5.290674974347994066e+03
5.291399590509318841e+03
5.292275016391077770e+03
5.293024355514839044e+03
5.294464760714006843e+03
5.295126355475198579e+03
5.296581056719181106e+03
5.297125394919595237e+03
5.297981183439351298e+03
5.299274679237929377e+03
5.299627300319933056e+03
5.300144736871138775e+03
5.301458131809212318e+03
5.302981454220329397e+03
5.303885255545878863e+03
5.304508457854940389e+03
5.305526333012086070e+03
5.306498769767441445e+03
5.307300388636242133e+03
5.308072790499982148e+03
5.309361753481891355e+03
5.310032764726998721e+03
5.310606801112027824e+03
5.311859049891718314e+03
5.312980209158523394e+03
5.314439426791834194e+03
5.314954794049511293e+03
5.315726296859324975e+03
5.316639253906217164e+03
5.317139734905883415e+03
5.318445240959230432e+03
5.319364734297887480e+03
5.320109753010284294e+03
5.321536694997695122e+03
5.322633280584938802e+03
5.323137231112140398e+03
5.323796327875688803e+03
5.325466411143000187e+03
5.326038512792132678e+03
5.326867763789801757e+03
5.327480222283036710e+03
5.328463844665270699e+03
5.329377158593330023e+03
5.331015051848383337e+03
5.331855033782667306e+03
5.332582449338871811e+03
5.333746349452669165e+03
5.334061217957371809e+03
5.335195388351516158e+03
5.335947926227236167e+03
5.337059672760578906e+03
5.338214274771734381e+03
5.338933125464858676e+03
5.339674564986856240e+03
5.341264957858608796e+03
5.341907714556881729e+03
5.342986689833523087e+03
5.343623359433019687e+03
5.344507532612438808e+03
5.345528297341695179e+03
5.346069965615356523e+03
5.346890937421842864e+03
5.348769669281725328e+03
5.349489057840143687e+03
5.350395904772442918e+03
5.351225419925846836e+03
5.351771637383498273e+03
5.352900178207069985e+03
5.354185202829311493e+03
5.354773479714049245e+03
5.355347063675622849e+03
5.356538865828704729e+03
5.357711619892324961e+03
5.358669106441790973e+03
5.359633917927375478e+03
5.360877126531294380e+03
5.361630997292119901e+03
5.361916637016828645e+03
5.362990405326631844e+03
5.363717280477004351e+03
5.365296267419234027e+03
5.365742257680618422e+03
5.367380123852191900e+03
5.367905543114681677e+03
5.368813641601140262e+03
5.369807596452586040e+03
5.370713539813717034e+03
5.371538329750509547e+03
5.372680867258250146e+03
5.373219972947191309e+03
5.374114835212555590e+03
5.374869738245036388e+03
5.376722663658617421e+03
5.377719730868922852e+03
5.378207038130046385e+03
5.378768713720048254e+03
5.380103731882796637e+03
5.380877056510778857e+03
5.381348150697046549e+03
5.382809993370514348e+03
5.383528600988369362e+03
5.384819764523645972e+03
5.385689781133582983e+03
5.386311049248221025e+03
5.387705534128895124e+03
5.388449137494742899e+03
5.389608146493818822e+03
5.389909513561418862e+03
5.390992260083001383e+03
5.391505965627097794e+03
5.392981959683038440e+03
5.394083717252515271e+03
5.395116663427586900e+03
5.396115859471749900e+03
5.397003429726802096e+03
5.397261960157859903e+03
5.398277621995208392e+03
5.399712504640470797e+03
5.400418887868289858e+03
5.401194496185364187e+03
5.401947143074565247e+03
5.403389590115237297e+03
5.404287687736617954e+03
5.405354453322768677e+03
5.406184132744065209e+03
5.407075537996711319e+03
5.407735014383861198e+03
5.408588715767543363e+03
5.409577739475961607e+03
5.410101872017245114e+03
5.412119660738806488e+03
5.412756931861646081e+03
5.413448942338434790e+03
5.414391884655145986e+03
5.415225062963723758e+03
5.416511814309129477e+03
5.417190777293038991e+03
5.417730775966484543e+03
5.419145769365587512e+03
5.419647914017258699e+03
5.420595118618174638e+03
5.422107201544394229e+03
5.423364285030068459e+03
5.423582839997252449e+03
5.424990137501592471e+03
5.425205579331656736e+03
5.426077473621457102e+03
5.427327787267212443e+03
5.428200793507517119e+03
5.429307069477648838e+03
5.430093232394629922e+03
5.431518550461935774e+03
5.432081300563691002e+03
5.432867061873673265e+03
5.433939314658023250e+03
5.435224510669428128e+03
5.435614214161095333e+03
5.436658400672125026e+03
5.436820644930087838e+03
5.438486077902408397e+03
5.439874947381833408e+03
5.440645160132015008e+03
5.441565050360556597e+03
5.442197196540771074e+03
5.443283539712419952e+03
5.443795137320656067e+03
5.444966959569919709e+03
5.445925027099689942e+03
5.446765247872765940e+03
5.447861998301299536e+03
5.448908413286428186e+03
5.449427630167590905e+03
5.451309407660432043e+03
5.451666775612691708e+03
5.452330950202066560e+03
5.453276425897145600e+03
5.454232766091015947e+03
5.454948555510584811e+03
5.455867963982944275e+03
5.457254335831568824e+03
5.458715645086830591e+03
5.459062182610658965e+03
5.459714513943352358e+03
5.460815544164755011e+03
5.461682968830868958e+03
5.462745000549540237e+03
5.463764554543697159e+03
5.464243875226839009e+03
5.465083241509825712e+03
5.466418306245838721e+03
5.467790444992022458e+03
5.468244535553761125e+03
5.469480888387573032e+03
5.470220068672416346e+03
5.471082873141512209e+03
5.471760866919687942e+03
5.472264037693188584e+03
5.473925204188394673e+03
5.474871452901577868e+03
5.475749436824135046e+03
5.476748893801358463e+03
5.477671940618743065e+03
5.478463436457820535e+03
5.479396814759793415e+03
5.480654805801402290e+03
5.480956733202192481e+03
5.481993734077743284e+03
5.483066851689781288e+03
5.483473148968389978e+03
5.485379530334925221e+03
5.486250958078564508e+03
5.487158642325720393e+03
5.487814448203131178e+03
5.488239469786524751e+03
5.489539886310044494e+03
5.490606477202431961e+03
5.491198488461752277e+03
5.492137050601373630e+03
5.493792469126766264e+03
5.494038480583097225e+03
5.495280875462483891e+03
5.496089727275413679e+03
5.497373490396218585e+03
5.498174123945101201e+03
5.498633565305225602e+03
5.499612797508679250e+03
5.500353983645932203e+03
5.501331224223354184e+03
5.503211694478845857e+03
5.503522536239298461e+03
5.504579491040506582e+03
5.505571935828686037e+03
5.506330011485519208e+03
5.506908179898226990e+03
5.508017009501102621e+03
5.509291230676581108e+03
5.509945930302345914e+03
5.510544264813349400e+03
5.511757773875190651e+03
5.513109958056238611e+03
5.514001848704366239e+03
5.514844462098076292e+03
5.515501482955429310e+03
5.516629656666066694e+03
5.517161633410805734e+03
5.517948299556428537e+03
5.519095837607030262e+03
5.520215397938824935e+03
5.521614204753150261e+03
5.522249630994144354e+03
5.522970046465706218e+03
5.523601350977462062e+03
5.525239782350296991e+03
5.525717122329117046e+03
5.526662765223687529e+03
5.527355332468716369e+03
5.528166412501780542e+03
5.529660934020356763e+03
5.530203159249181226e+03
5.531929612602777524e+03
5.532461117364642632e+03
5.533275825277342847e+03
5.533953358476204812e+03
5.534810789007363383e+03
5.535656868324537754e+03
5.536899525056139282e+03
5.537790908369000135e+03
5.538740727318239806e+03
5.539814585079014250e+03
5.540694583143286764e+03
5.541576351543939381e+03
5.542764646056709353e+03
5.543113256672817442e+03
5.544515208608563626e+03
5.545192999163192326e+03
5.545667895222008156e+03
5.546535304578454088e+03
5.548523919661123728e+03
5.549358839814484782e+03
5.549834823142450659e+03
5.550807899778982573e+03
5.551929911749658459e+03
5.552207947116757168e+03
5.553659789785949215e+03
5.554238599943795634e+03
5.555402430795447799e+03
5.556199245743833671e+03
5.557363922456235741e+03
5.558202004496687550e+03
5.559248178602726512e+03
5.560367211776969270e+03
5.561310135213797366e+03
5.561791548798032636e+03
5.562261884446336808e+03
5.563637870900838607e+03
5.564430162550765090e+03
5.565566217326973856e+03
5.566912177257101575e+03
5.567644318652243783e+03
5.568798580122037492e+03
5.568912933770418931e+03
5.570006356173319546e+03
5.571437867776980966e+03
5.572175581208444783e+03
5.572586024225678557e+03
5.573899529405042813e+03
5.574441283883399592e+03
5.576064762432888529e+03
5.577183679281282821e+03
5.577672276828444410e+03
5.578644644373745905e+03
5.579495916492832293e+03
5.580333270376428118e+03
5.581025573783575055e+03
5.581822277193782611e+03
5.583389191418452356e+03
5.584323740890818954e+03
5.585244570955993368e+03
5.585708717008199528e+03
5.587160081274639197e+03
5.587886525281241120e+03
5.588751061185498656e+03
5.589691727171090861e+03
5.590385173138885875e+03
5.591400963623905227e+03
5.591925240792589648e+03
5.593555617029214773e+03
5.594574594282586986e+03
5.595711374711911958e+03
5.596227736682097202e+03
5.596856616829598352e+03
5.597841768955218868e+03
5.598606006812810847e+03
5.600162150309786739e+03
5.600549747047590245e+03
5.601300750966579471e+03
5.603081362651794734e+03
5.603564840050677049e+03
5.604347254349504510e+03
5.605644654187447486e+03
5.606542579545898661e+03
5.607273178719413409e+03
5.608005403503109846e+03
5.608695582163806648e+03
5.609563895924981807e+03
5.611146743753713054e+03
5.612157114643561727e+03
5.613121400281544084e+03
5.613727896996746495e+03
5.614492287916933492e+03
5.615741026437993241e+03
5.616254524796165242e+03
5.617320271437552037e+03
5.618289089574102945e+03
5.619268082017288179e+03
5.619902394519334848e+03
5.621023391660963171e+03
5.622488604142266922e+03
5.623413625843145383e+03
5.623777120106693474e+03
5.624755579135306107e+03
5.625592184743385587e+03
5.626502242711864710e+03
5.627213187208193631e+03
5.628348462444158940e+03
5.629890648797948415e+03
5.630380502229842932e+03
5.631520288039643674e+03
5.632197465155439204e+03
5.632847100005566972e+03
5.634370016211938491e+03
5.635016250807583674e+03
5.635929470274486448e+03
5.636236694481527593e+03
5.637490237062518645e+03
5.638788714457923561e+03
5.640134252591616132e+03
5.640385710966422266e+03
5.641872250768496997e+03
5.642463399097841830e+03
5.643093319440582491e+03
5.643663127487791826e+03
5.645328117414937878e+03
5.645769016095280676e+03
5.647161576573467755e+03
5.647857206976795169e+03
5.648974462993071029e+03
5.649800756925361384e+03
5.650839075232865071e+03
5.651883418462844929e+03
5.652345479579187668e+03
5.653407356205339966e+03
5.654192151373508750e+03
5.655000372762493498e+03
5.655819252623684406e+03
5.657866738715883912e+03
5.658411247459895094e+03
5.658921215888583902e+03
5.659894412872658904e+03
5.660630422802744761e+03
5.661929696761165360e+03
5.662457451148033215e+03
5.663557248248996984e+03
5.664336708256300881e+03
5.665460459801875913e+03
5.666472615778431646e+03
5.667316170462719128e+03
5.668525315609320387e+03
5.669472767900275358e+03
5.669978563813660003e+03
5.671149659068221808e+03
5.671479959154305106e+03
5.672290954890888315e+03
5.673937158397051462e+03
5.674814995125544556e+03
5.675707528740345879e+03
5.676972536522759583e+03
5.677385026082540207e+03
5.678347908881795775e+03
5.679113903984792159e+03
5.680339045053084192e+03
5.681241565137187536e+03
5.682099169924707894e+03
5.682288150146846419e+03
5.683970509043295351e+03
5.685123793484791349e+03
5.686093541225542140e+03
5.687024519731125110e+03
5.687481856548010910e+03
5.688363844470026379e+03
5.689508631787297418e+03
5.689952695061552731e+03
5.691140945770724102e+03
5.692205217958837238e+03
5.693589608697248877e+03
5.694311966528280209e+03
5.694609217468297174e+03
5.696031917372012686e+03
5.697172049668285581e+03
5.697902079625018814e+03
5.698374747827996543e+03
5.699372993196989228e+03
5.700481014348115423e+03
5.700983872395575418e+03
5.702732811445348489e+03
5.703616227811558019e+03
5.704505840610416271e+03
5.705177927107996766e+03
5.706077414326689905e+03
5.706596075748012481e+03
5.707768652251344065e+03
5.709039424443666576e+03
5.709520369132196720e+03
5.710601740934770532e+03
5.711559224969293609e+03
5.712815871228328433e+03
5.713793844101061040e+03
5.714099754695891534e+03
5.715633644358693346e+03
5.716333560485883936e+03
5.716750279152261101e+03
5.717771496602876141e+03
5.718472339581720917e+03
5.720363389999228275e+03
5.721050534731965854e+03
5.721964323486251487e+03
5.722591357947802862e+03
5.723779045993775981e+03
5.724163357935433851e+03
5.725671140915321303e+03
5.726233386878947385e+03
5.726988743535994217e+03
5.728120700254256917e+03
5.729152376853109672e+03
5.729883193187224606e+03
5.731347862115284443e+03
5.732341189147185105e+03
5.732882093179837284e+03
5.733599967910076884e+03
5.734289092686585718e+03
5.735448992420156173e+03
5.736325416947508529e+03
5.737255261080919809e+03
5.738609819841823992e+03
5.739569634432319617e+03
5.740311894799231595e+03
5.740865372181460771e+03
5.742146698513288356e+03
5.743006062922092497e+03
5.743891993555736917e+03
5.744857530427187157e+03
5.745316395042860677e+03
5.746105037293982605e+03
5.747944351267191450e+03
5.748737621328780733e+03
5.749840045598376491e+03
5.750072418941113938e+03
5.751510678657523385e+03
5.752022580454234230e+03
5.752725353414598430e+03
5.753688438232308727e+03
5.755267001495402837e+03
5.755666768504421270e+03
5.756764768471898606e+03
5.757942007977970206e+03
5.758475340726918148e+03
5.759896683465309252e+03
5.760646107948371537e+03
5.761131645054408182e+03
5.762451906741179300e+03
5.762733907455103690e+03
5.763832280946394349e+03
5.764963556715088089e+03
5.766305389090201061e+03
5.767382918922688077e+03
5.767985095806081517e+03
5.768708111307269064e+03
5.769217379489942687e+03
5.770681886992372711e+03
5.771717742972695305e+03
5.772110310913591093e+03
5.773085986223199143e+03
5.774269143736220940e+03
5.775404901666433943e+03
5.776052509870957692e+03
5.777400076385150896e+03
5.778091121756383473e+03
5.779005201100713748e+03
5.779661555490873070e+03
5.780378597203566642e+03
5.781253921951086340e+03
5.782400466794728345e+03
5.784048432518078698e+03
5.784468467315674388e+03
5.785212894534429324e+03
5.786493575401431372e+03
5.787134878800056867e+03
5.787969440944723829e+03
5.788985799825034519e+03
5.789954351321143804e+03
5.790692267030690346e+03
5.791546976217493466e+03
5.792289593635210622e+03
5.794301907788139033e+03
5.794668781596152257e+03
5.795563939737831788e+03
5.796419040669175047e+03
5.797217839236136570e+03
5.797884282193432227e+03
5.798939664254744457e+03
5.800041030274364857e+03
5.800719277320537913e+03
5.802371718407210210e+03
5.802781136074599999e+03
5.803871206258075290e+03
5.804409409031705763e+03
5.805820188753753428e+03
5.806798661008810996e+03
5.807373949619648556e+03
5.807786383388401191e+03
5.808950049546973787e+03
5.810033203191334906e+03
5.811356821178595965e+03
5.812204788290976467e+03
5.813345051566531765e+03
5.813946414929017010e+03
5.814499327315379560e+03
5.815624714249825956e+03
5.816295670202822294e+03
5.817687141955804691e+03
5.818292158757065408e+03
5.819263873660719582e+03
5.820323072483646683e+03
5.821199580317665095e+03
5.822554932361928877e+03
5.823160120590071529e+03
5.824034446196030331e+03
5.824644070750254286e+03
5.826022417685477194e+03
5.826437166473170691e+03
5.826894313623182825e+03
5.828890322956993259e+03
5.829884397342048032e+03
5.830591034346443848e+03
5.831348619828558185e+03
5.832010437995125358e+03
5.833320748987730440e+03
5.834000771326141148e+03
5.834935242018621466e+03
5.835952597527724720e+03
5.836409775793469635e+03
5.837694816937440009e+03
5.838887811770638109e+03
5.839657148889605196e+03
5.840870745780081961e+03
5.841773244696567417e+03
5.842257347261062023e+03
5.843004016163600681e+03
5.843745504057074868e+03
5.845043540778850911e+03
5.846122346475740414e+03
5.846858967153620142e+03
5.848182987415376374e+03
5.848996958343328515e+03
5.849661517375552648e+03
5.850489268138529951e+03
5.851711059759895761e+03
5.852668145588459993e+03
5.853095554594940950e+03
5.854191539972039209e+03
5.854715491772939458e+03
5.856094228893924992e+03
5.857843809341438828e+03
5.858083358309463620e+03
5.858833953060091517e+03
5.859861397251982453e+03
5.860649382999764384e+03
5.861434868985917092e+03
5.862557428297672232e+03
5.863094038513299893e+03
5.864656763606400091e+03
5.865522792510626459e+03
5.866040235324606329e+03
5.867201546981377760e+03
5.868543660974694831e+03
5.868986917034966609e+03
5.870008991855740533e+03
5.870718884647864797e+03
5.871419724497563038e+03
5.872402794856289802e+03
5.873387593706414918e+03
5.874881588208323592e+03
5.875798358154291236e+03
5.876374963621472489e+03
5.877609748606668290e+03
5.877933293919489188e+03
5.878676214478654401e+03
5.880463284726763959e+03
5.880709560927624807e+03
5.881825024120581475e+03
5.882270516172437965e+03
5.884032826244936587e+03
5.884684250047966998e+03
5.885744730540396631e+03
5.886621191165030723e+03
5.887486300388680320e+03
5.888387576534157233e+03
5.888845470521669085e+03
5.889698291834790325e+03
5.890842689357556992e+03
5.892225848293509443e+03
5.893121091670048372e+03
5.894085613219848710e+03
5.894544410863417397e+03
5.895557133651959703e+03
5.896814625874133526e+03
5.897528508395180324e+03
5.898045615592845934e+03
5.899335294403183070e+03
5.900026130768220355e+03
5.900832883795790622e+03
5.902160660214253767e+03
5.903459104336166092e+03
5.904359224850042665e+03
5.904786649649029641e+03
5.905377904296964516e+03
5.906654294834346729e+03
5.907305604481369301e+03
5.908304130378044647e+03
5.909432316004653330e+03
5.910297428639246391e+03
5.911489176576974387e+03
5.912332412220924198e+03
5.912935296612505226e+03
5.914115666541656537e+03
5.915019576754144509e+03
5.916088332580689894e+03
5.916441169127997455e+03
5.917380890968155654e+03
5.917975417960737104e+03
5.920055550869004946e+03
5.920538476511501358e+03
5.921438418562954212e+03
5.922552080087763898e+03
5.923106480527551867e+03
5.924023918205912196e+03
5.924612567997041879e+03
5.925982652112324104e+03
5.926867806897631453e+03
5.927479356433868816e+03
5.928899161984593775e+03
5.929345382897492527e+03
5.930860362894444734e+03
5.931570134864405190e+03
5.932736065547437647e+03
5.933033536559581989e+03
5.933987898043518726e+03
5.934829981307314483e+03
5.935948347327594092e+03
5.936465147329214233e+03
5.938287679988199670e+03
5.939265303266806768e+03
5.939695838711395481e+03
5.940379099853132175e+03
5.941441894804405820e+03
5.942467736153845181e+03
5.943543979174501146e+03
5.944130246624257779e+03
5.944725413371057584e+03
5.946143331990710067e+03
5.946820062652999695e+03
5.948301613869440189e+03
5.949142426312635507e+03
5.949777706351522284e+03
5.950989084392992481e+03
5.951430121674386100e+03
5.952261902584627933e+03
5.952902618768109278e+03
5.954465995760656369e+03
5.955342138476738910e+03
5.956365914060978866e+03
5.957027692949344782e+03
5.958332640101391917e+03
5.958866457495424584e+03
5.959876516604980679e+03
5.960740693076099888e+03
5.961788662547501190e+03
5.962574245885660275e+03
5.962943559513120817e+03
5.964146533459619604e+03
5.965736509167636541e+03
5.966619515143617718e+03
5.967433133231373176e+03
5.968178918743094982e+03
5.968735878784986198e+03
5.969779680206670491e+03
5.970844216766736281e+03
5.971604971542721614e+03
5.972485368405060399e+03
5.973620902248291713e+03
5.974886211179463317e+03
5.975356163229908816e+03
5.976141901892539863e+03
5.978026590419290187e+03
5.978139309725789644e+03
5.978832670352795503e+03
5.979862288578085099e+03
5.980592613333379632e+03
5.981506260799348638e+03
5.982914976763731829e+03
5.984012615640011063e+03
5.984792817506801839e+03
5.985669034669887878e+03
5.986419145205076347e+03
5.987055919517702932e+03
5.988313841463134850e+03
5.988973948250782996e+03
5.990294284873586548e+03
5.990809755142914582e+03
5.991472985430085828e+03
5.993084653614646413e+03
5.994057233174675275e+03
5.995024532494480809e+03
5.995409540651147836e+03
5.996609465538454060e+03
5.997392505688815618e+03
5.998052919752655725e+03
5.998734794943291490e+03
6.000121020998374661e+03
6.001495519089924528e+03
6.002154589633411888e+03
6.002914838345618591e+03
6.003878519365192915e+03
6.004591820724887839e+03
6.005855784942334139e+03
6.006678028614962386e+03
6.007325565907605778e+03
6.007978287457787701e+03
6.009204540379586433e+03
6.010190820410438391e+03
6.011253025428469300e+03
6.012651122635338652e+03
6.013047245645550902e+03
6.014042373169796520e+03
6.014663869379401149e+03
6.015161467300141339e+03
6.016736803703803162e+03
6.017530542899120519e+03
6.018180474529548519e+03
6.019650285835952673e+03
6.020485477165467273e+03
6.021078533684980357e+03
6.022496991537044778e+03
6.022866086750985232e+03
6.024235928621511448e+03
6.024765822154941816e+03
6.025652989058804451e+03
6.026328429368198158e+03
6.027149989355024445e+03
6.029083879336239079e+03
6.029871336490612521e+03
6.030366565545266894e+03
6.031190552493811992e+03
6.032274114806583384e+03
6.033146731331337833e+03
6.033644977208373348e+03
6.034942132629864318e+03
6.035782357605260586e+03
6.036735104464168217e+03
6.037621814970688320e+03
6.038620819010113337e+03
6.039780188462111255e+03
6.040747929474347984e+03
6.041398240993255058e+03
6.042397652237234979e+03
6.042668644064462569e+03
6.043995010268979968e+03
6.044552572123936443e+03
6.046181521954204982e+03
6.046796932396247030e+03
6.048263607361397590e+03
6.048952645864481383e+03
6.049241142991617380e+03
6.050246128122274968e+03
6.051626971033905647e+03
6.052439739293708953e+03
6.053067413924323773e+03
6.053778846036458162e+03
6.054804164558045159e+03
6.056260886232179473e+03
6.057072842116193897e+03
6.058000876270650224e+03
6.059134493785758423e+03
6.059466828728352084e+03
6.060341627593010344e+03
6.061493619822284018e+03
6.061793911747667153e+03
6.063253687207729854e+03
6.064593399932610737e+03
6.065104446594213186e+03
6.066142573932623236e+03
6.066829934378910366e+03
6.068165352787178563e+03
6.068884377847925862e+03
6.069569709881499875e+03
6.070456730948586483e+03
6.071607124379686866e+03
6.071987031737127836e+03
6.072986930281585046e+03
6.074835751881022588e+03
6.075456209880471761e+03
6.076319580410927301e+03
6.076896595428756882e+03
6.077923525597853768e+03
6.078464257000358884e+03
6.079725372514824812e+03
6.080817594639935123e+03
6.081177170652933455e+03
6.082501083706977624e+03
6.083644016757933059e+03
6.084383007365660887e+03
6.085230905162356066e+03
6.086325556912578577e+03
6.087278392364372849e+03
6.088144768071507315e+03
6.088537541404678450e+03
6.089128616019716901e+03
6.090717153107077138e+03
6.091689881768495070e+03
6.093192335325567910e+03
6.093283426817677537e+03
6.094550261329977729e+03
6.095331193379996876e+03
6.095911728318065798e+03
6.097096728489390443e+03
6.098071498010461255e+03
6.098786888080899189e+03
6.099667065247016581e+03
6.100713939634762937e+03
6.101542636010731258e+03
6.103111062056343144e+03
6.103890836007713006e+03
6.104369986546025757e+03
6.105080112318568354e+03
6.106427937948077670e+03
6.106698870787319720e+03
6.107888398279542344e+03
6.108683780716911315e+03
6.110531011475982268e+03
6.110830996154773857e+03
6.111844532847507253e+03
6.112464435384833450e+03
6.113552617473987993e+03
6.114761891753269992e+03
6.115274791543812171e+03
6.116167495930629229e+03
6.117090753291096917e+03
6.117552359427716510e+03
6.119215997842411525e+03
6.120281534697360257e+03
6.120933301686411141e+03
6.122094398758503303e+03
6.122857424919649930e+03
6.123356607972827078e+03
6.124138883220781281e+03
6.125172619880176171e+03
6.126568586519307246e+03
6.127130221394032560e+03
6.128046863129756275e+03
6.129268751548013825e+03
6.130291606464611505e+03
6.130686768649261467e+03
6.132121687397098867e+03
6.132762353486790744e+03
6.133489892704202248e+03
6.134455051667964653e+03
6.135143074922048982e+03
6.135892613200648157e+03
6.137781389320129165e+03
6.138445601390254524e+03
6.139589346958781789e+03
6.139813239833825719e+03
6.140675863382833995e+03
6.141872358756231733e+03
6.142911451640285122e+03
6.143356666103172756e+03
6.144405867207821757e+03
6.145505364043890040e+03
6.146604329604662780e+03
6.147070023447598942e+03
6.148593113945610639e+03
6.149398925230075292e+03
6.150275374104339789e+03
6.150879887870594757e+03
6.151572502081302446e+03
6.152585599027227545e+03
6.153326365653243556e+03
6.154805638423514210e+03
6.155704809901577391e+03
6.156737464494589403e+03
6.157381128649895800e+03
6.158397686173142574e+03
6.159096947190147148e+03
6.159829468995751085e+03
6.161429368945598071e+03
6.161827253696845219e+03
6.162415562412440522e+03
6.163378477444262899e+03
6.164773220517610753e+03
6.166200513434597269e+03
6.166483048994030469e+03
6.167464531359393732e+03
6.168379809680246581e+03
6.169394736467650546e+03
6.169538152648448886e+03
6.170820008109075388e+03
6.171920474771537556e+03
6.172839930458118943e+03
6.174235069962361194e+03
6.174747542413266274e+03
6.175309013705465986e+03
6.176744162202786356e+03
6.177630404449607340e+03
6.178410285632124214e+03
6.179094486917628274e+03
6.179764681614095934e+03
6.181012825755286940e+03
6.181678420746651682e+03
6.183062480334703650e+03
6.184336316582487598e+03
6.185079974864195719e+03
6.185460103700484069e+03
6.186457283968078627e+03
6.187126750723331497e+03
6.188458683360364375e+03
6.189118029681645567e+03
6.190169795887310102e+03
6.190926665971511284e+03
6.192097286028822964e+03
6.193133431144429778e+03
6.193902824192949083e+03
6.194965274092488471e+03
6.195672078990472073e+03
6.196664752125841005e+03
6.197387063257130649e+03
6.198065389560701988e+03
6.198652216561331443e+03
6.200674034464229408e+03
6.201593088508775509e+03
6.201832569639449503e+03
6.203190910737261220e+03
6.203867876241974955e+03
6.204585656186870438e+03
6.205731342331215274e+03
6.206513025685408138e+03
6.207353677366980264e+03
6.208562086127367365e+03
6.208813972410795941e+03
6.210470030162985495e+03
6.211207816547218499e+03
6.212549686057974213e+03
6.213187976900496324e+03
6.213799999957366708e+03
6.214501304729581534e+03
6.215400957016780012e+03
6.216668292162449688e+03
6.217188858908823022e+03
6.218517119863552580e+03
6.219844220203323857e+03
6.220276866168360357e+03
6.221350127562686794e+03
6.221641300960960507e+03
6.223447708927403255e+03
6.223854786959724152e+03
6.224732447312543627e+03
6.225470678081441292e+03
6.226232883566194687e+03
6.227450045327269436e+03
6.228832840927518191e+03
6.229761584418353777e+03
6.230323749796148149e+03
6.231186984214131371e+03
6.232234236964409320e+03
6.232811490700785725e+03
6.233436150635210652e+03
6.234905356027908056e+03
6.235691811528844482e+03
6.236871797213751051e+03
6.237401188051517238e+03
6.238507790150082656e+03
6.239720298749179165e+03
6.240518432488212056e+03
6.240987478337605353e+03
6.242263742648333391e+03
6.242916128110378850e+03
6.243536571206048393e+03
6.244467501007128703e+03
6.245846353792800073e+03
6.247220803894969322e+03
6.247765900412639894e+03
6.248617590056634072e+03
6.249223567202486265e+03
6.250125998032665848e+03
6.251160830038508720e+03
6.252337721681161383e+03
6.252960641623911215e+03
6.253372699433021808e+03
6.255212382593087568e+03
6.255709995714932120e+03
6.256737988103586758e+03
6.257821913767863407e+03
6.258863142201866140e+03
6.259511130503418826e+03
6.259969134480435059e+03
6.260941865601983409e+03
6.261776846422373637e+03
6.263065904931718251e+03
6.264199277451351008e+03
6.265060898277042725e+03
6.265972125306059752e+03
6.266645735922494168e+03
6.267560486576163385e+03
6.268625266754624136e+03
6.269267355566475999e+03
6.270349148874555794e+03
6.271148771757298164e+03
6.271964363395981309e+03
6.272586182980715421e+03
6.274619334058123968e+03
6.275133981984459751e+03
6.275846693888326627e+03
6.276916164708130964e+03
6.277229194882688716e+03
6.278607595708884219e+03
6.279122462096041090e+03
6.279993148665393164e+03
6.281406047966539518e+03
6.282275812909980232e+03
6.283220407901683757e+03
6.284054280278028273e+03
6.284788411119041484e+03
6.285899070662988379e+03
6.287173743024351097e+03
6.287425952940815478e+03
6.288211245409330331e+03
6.289114831893080009e+03
6.290037006599130109e+03
6.291549652024559691e+03
6.292329914868597371e+03
6.293297335719867078e+03
6.294349329653984569e+03
6.295006181305976497e+03
6.295221568857195962e+03
6.296546591927773989e+03
6.297771255864573504e+03
6.298458690160453443e+03
6.299172745574499459e+03
6.300374887380822656e+03
6.301383220877710301e+03
6.302230259739779285e+03
6.303490771613428478e+03
6.303949179388617267e+03
6.304900391851708264e+03
6.305747858386110238e+03
6.306557291346392049e+03
6.307144720875522580e+03
6.308253824515857559e+03
6.309939810025128281e+03
6.310837756045101742e+03
6.311201065750283306e+03
6.311879397195401907e+03
6.313321021466825187e+03
6.313825911946270935e+03
6.315031008723211926e+03
6.315483979856275255e+03
6.316769600866337896e+03
6.317255760098615610e+03
6.318603143126995747e+03
6.319382478611861188e+03
6.320918880337805604e+03
6.321415499802146769e+03
6.322118186694310680e+03
6.323182594444868300e+03
6.323689061223936733e+03
6.324348503493781209e+03
6.325991157331886825e+03
6.326550698605976322e+03
6.327709329596057614e+03
6.328768971501924170e+03
6.329665095498507981e+03
6.330240406355495907e+03
6.331108424755269880e+03
6.332346151108677077e+03
6.333196346147333315e+03
6.333916050927501601e+03
6.334410684881733687e+03
6.335356899771551070e+03
6.337044248810119825e+03
6.337822038198451082e+03
6.339041957468347391e+03
6.339248808949114391e+03
6.340441439655440263e+03
6.341029239095865705e+03
6.341954159169848936e+03
6.343025918905334947e+03
6.343639577676623048e+03
6.345124572354928205e+03
6.345812781595794149e+03
6.346708588292483000e+03
6.347512774839417034e+03
6.348864774975659202e+03
6.349694650324670874e+03
6.350349366018132059e+03
6.350797904043100061e+03
6.352124095646808200e+03
6.352824041916451279e+03
6.353487236191204829e+03
6.355408107878889496e+03
6.355930130900404038e+03
6.356984106932884060e+03
6.357606857658452100e+03
6.358315701847617675e+03
6.359169623810261328e+03
6.360503448520767051e+03
6.361108114371221745e+03
6.362082499057126370e+03
6.362685361830654074e+03
6.363900839548029580e+03
6.365283583744359021e+03
6.365852321021015996e+03
6.366671353345361240e+03
6.367958813533015018e+03
6.368438094219739469e+03
6.369245882999161040e+03
6.369770229023833053e+03
6.370898050447910464e+03
6.372415682393795578e+03
6.373173152452141949e+03
6.374053534358543402e+03
6.375032404908860372e+03
6.375599195635543765e+03
6.376764549170062310e+03
6.377511439944205449e+03
6.378550145730095210e+03
6.379246624188775058e+03
6.379959409795578722e+03
6.381143665232173589e+03
6.381848039061531381e+03
6.383410238912067143e+03
6.384459219016482166e+03
6.384920488511157600e+03
6.385578203508125625e+03
6.386357077118747839e+03
6.387528294105803980e+03
6.388197850516724429e+03
6.389360853368250901e+03
6.390006152212628876e+03
6.391686645483916436e+03
6.392187328677613550e+03
6.392718575157853593e+03
6.394065073885532001e+03
6.395031740700797855e+03
6.395668869607560737e+03
6.396729259797332816e+03
6.397361130692520419e+03
6.397786081170896978e+03
6.399176640347329339e+03
6.400746238657758113e+03
6.401323625925219858e+03
6.402175290622142711e+03
6.403110886587121968e+03
6.403861397515232966e+03
6.404767039730848410e+03
6.405178961948583492e+03
6.406748283859478761e+03
6.407612952818620215e+03
6.408077160917846413e+03
6.409279021189900959e+03
6.410353801335842945e+03
6.411384469328820160e+03
6.412247558440064495e+03
6.413040420058798190e+03
6.413833451375073309e+03
6.414570290068342729e+03
6.415462076135824645e+03
6.416175908960685774e+03
6.417378052856020986e+03
6.418792599643247740e+03
6.419692022861102487e+03
6.420182578627688599e+03
6.421255935827854046e+03
6.421491228644308649e+03
6.423414486176729952e+03
6.423764508953829136e+03
6.424401461601265510e+03
6.425399747335204665e+03
6.426480014181574916e+03
6.427401528361016972e+03
6.428587583738724788e+03
6.429468848692722531e+03
6.430694571981494846e+03
6.430918186133596464e+03
6.431981683244140186e+03
6.432433303080169026e+03
6.433622387485807849e+03
6.434514944024420402e+03
6.435774652679148858e+03
6.436905185937704118e+03
6.437123406603307558e+03
6.438740481004520007e+03
6.439140618634673046e+03
6.440125226420809668e+03
6.441140573842962112e+03
6.441894099406383248e+03
6.442897533673152793e+03
6.443565266180882645e+03
6.443978372087088246e+03
6.445971515283607005e+03
6.447022174123041623e+03
6.447474618171753718e+03
6.448246132866305743e+03
6.449332054723969122e+03
6.449896208786239185e+03
6.450770449031410863e+03
6.451965072774469263e+03
6.452616809388042384e+03
6.453681785667650729e+03
6.454861307375188517e+03
6.455690820622381580e+03
6.456243758468239321e+03
6.457653867882111626e+03
6.458658611072351960e+03
6.459067827430400030e+03
6.459952831320823861e+03
6.460534639476211851e+03
6.461614784191283434e+03
6.462852814105798643e+03
6.463724097145994165e+03
6.465143720813162872e+03
6.465743873966872343e+03
6.466295733700457276e+03
6.467193447823702627e+03
6.468092790956416138e+03
6.469131125190510829e+03
6.470197357327962891e+03
6.470701077816671386e+03
6.471560457479093202e+03
6.472780201590247998e+03
6.473798648696707460e+03
6.475021493493020898e+03
6.475727754605962218e+03
6.476113123922475097e+03
6.477481705763072569e+03
6.478027176624626009e+03
6.478831342932714506e+03
6.479431139218032513e+03
6.481273679157492552e+03
6.482002790371315314e+03
6.483006704609867484e+03
6.483450189794245489e+03
6.484519323277323565e+03
6.485713209326583637e+03
6.486163374261582248e+03
6.487445215262415331e+03
6.487830216813242259e+03
6.488926620780881422e+03
6.489622575931017309e+03
6.490906097872482860e+03
6.492190210433448556e+03
6.492813486515120530e+03
6.494004710693342531e+03
6.494622125318580402e+03
6.494866454095690642e+03
6.496007974724864653e+03
6.497279308277570635e+03
6.498038769460500589e+03
6.498834863257906363e+03
6.500031689480680143e+03
6.501207453991779403e+03
6.501665184352136748e+03
6.502566972220884963e+03
6.503701543493511053e+03
6.504732509796222985e+03
6.505408729994132045e+03
6.505667900631896373e+03
6.507137020076431327e+03
6.507477752627870359e+03
6.509618252802300049e+03
6.510058208138934788e+03
6.510892054060107512e+03
6.511726223192474208e+03
6.512566938401199877e+03
6.513360945148274368e+03
6.514382624269534062e+03
6.515052647859496574e+03
6.516171290289174067e+03
6.517240330844650089e+03
6.517861387846915932e+03
6.518808197450836815e+03
6.520320492651004315e+03
6.520909964939857673e+03
6.521788872386337971e+03
6.522371597080945321e+03
6.523377319126218936e+03
6.524089123052959621e+03
6.524898764044254676e+03
6.526082562690724444e+03
6.527431766363988572e+03
6.528187904465222346e+03
6.529103609831716312e+03
6.529761023940341147e+03
6.530427671755755910e+03
6.531598707501850186e+03
6.532693567137807804e+03
6.533491429406027237e+03
6.533871387072464131e+03
6.534762937012053044e+03
6.536470053698358242e+03
6.537054650213740388e+03
6.538142600402396965e+03
6.539169984547960667e+03
6.539724960984898644e+03
6.540638906760232203e+03
6.541354659155190348e+03
6.541862394583097739e+03
6.543517657049525042e+03
6.544117508866735989e+03
6.545406761305511282e+03
6.546203853143526430e+03
6.546926187186619245e+03
6.547849360757135400e+03
6.549129863100256443e+03
6.549691789353554668e+03
6.550283449195851972e+03
6.551606750606022615e+03
6.552137913651264171e+03
6.552822686785683800e+03
6.554188696830806293e+03
6.555776866674192206e+03
6.556290164157591789e+03
6.556932787603161159e+03
6.557550866183959442e+03
6.558710265696090573e+03
6.559459473093697852e+03
6.560485236248453475e+03
6.561246375942027953e+03
6.562260958255343212e+03
6.563369421995659650e+03
6.564166004197382790e+03
6.565225896725426537e+03
6.565916463678861874e+03
6.567222123704214027e+03
6.567810942958576561e+03
6.568585110673609051e+03
6.569319354206848402e+03
6.569866289055112247e+03
6.571349397080133713e+03
6.572768540538470006e+03
6.573166263739421083e+03
6.574230084645367242e+03
6.575279364268423706e+03
6.575921041736286497e+03
6.576290007732859522e+03
6.577842444727393740e+03
6.578668340544979401e+03
6.579281726766580505e+03
6.580253132475487291e+03
6.581106726792464542e+03
6.582366235017422696e+03
6.583647989893458544e+03
6.584025065236713999e+03
6.585152149259115504e+03
6.585766065749253357e+03
6.586365117607648244e+03
6.587679935019045843e+03
6.588133534515000065e+03
6.589210210194637511e+03
6.590863205277395537e+03
6.591491048592958578e+03
6.592144011228696399e+03
6.592845950010057095e+03
6.594035062429382378e+03
6.595182141381570545e+03
6.595672779583988813e+03
6.596500204522653803e+03
6.597265170319666140e+03
6.598340695483692798e+03
6.599176046768408014e+03
6.600753780454660955e+03
6.601347457984375069e+03
6.602390527988640315e+03
6.602977753481656691e+03
6.603897138837148304e+03
6.604427167139000630e+03
6.605399554340270697e+03
6.606694580788018357e+03
6.607765474189113775e+03
6.607967781789132459e+03
6.609741917966225628e+03
6.610094415677309371e+03
6.611386797395995927e+03
6.612007975267009897e+03
6.612907977501809000e+03
6.614103829390387546e+03
6.614525354351744681e+03
6.615245604673416892e+03
6.616001321093093793e+03
6.617823120341630784e+03
6.618582598754258470e+03
6.619598203880315850e+03
6.620243653081768571e+03
6.620801846220445441e+03
6.621897593444352424e+03
6.622896150263723030e+03
6.623574968353804252e+03
6.624663719462918380e+03
6.625250125790551465e+03
6.626636287300496406e+03
6.627460241761985344e+03
6.628061836652559577e+03
6.629891281103415167e+03
6.630110418429952915e+03
6.631038268216501820e+03
6.631547698183336252e+03
6.632548656711797776e+03
6.633484002020727530e+03
6.634352598134559230e+03
6.635696775490745495e+03
6.636654287338265931e+03
6.637625363681343515e+03
6.638090473850530543e+03
6.639075753370515486e+03
6.639859562435562111e+03
6.641055120832440480e+03
6.641786228641865819e+03
6.642644283633712803e+03
6.643292547542332613e+03
6.644119902868443205e+03
6.645918402372157288e+03
6.646611795538477054e+03
6.647322423863212862e+03
6.648077919597346408e+03
6.649384089933557334e+03
6.649647351976543177e+03
6.650383134979861097e+03
6.651545139433764234e+03
6.652583661009993193e+03
6.653941240679172552e+03
6.654366268486231093e+03
6.655334573448509218e+03
6.656446114677312835e+03
6.657053755492811433e+03
6.658335707229374748e+03
6.659055077831643757e+03
6.659521842320747965e+03
6.660503555598670573e+03
6.661461648933372089e+03
6.662346720631639073e+03
6.663719022678308647e+03
6.664872916950475883e+03
6.665432916953979657e+03
6.666236097925817376e+03
6.666808353082496069e+03
6.667616350899313147e+03
6.669097362269837504e+03
6.669810009517607796e+03
6.670175702313964393e+03
6.671713778808945790e+03
6.672526465395131709e+03
6.673539418182129339e+03
6.674254359553938230e+03
6.675608127235226675e+03
6.676021079514865050e+03
6.677034062070678374e+03
6.677773602313434822e+03
6.678438197868944371e+03
6.679147300422944681e+03
6.680890098038188626e+03
6.681885127241568625e+03
6.682565640306698697e+03
6.683184617811499265e+03
6.684323087144983219e+03
6.685084637365415801e+03
6.685936244319487741e+03
6.686656349751517155e+03
6.688040741920754954e+03
6.688503502135193230e+03
6.689259935461762325e+03
6.690508707528538253e+03
6.691704920009255147e+03
6.692647541254748830e+03
6.693499651871101378e+03
6.693981516036087669e+03
6.694823702884915292e+03
6.695938981836288804e+03
6.696272310646920232e+03
6.697779004686452026e+03
6.698507679622905016e+03
6.699761639218128039e+03
6.700871368181453363e+03
6.701375798236871560e+03
6.701784678330473071e+03
6.703336806677940331e+03
6.704270589493425177e+03
6.704873686015396743e+03
6.705640106165690668e+03
6.706214075997798318e+03
6.707535168632613932e+03
6.708721048689681083e+03
6.709726991699264545e+03
6.710545176389561675e+03
6.711503024657997230e+03
6.712089903868121837e+03
6.712731759929546570e+03
6.713825345385445871e+03
6.714552463890872787e+03
6.715865576387474903e+03
6.716558365972571664e+03
6.717809675011430954e+03
6.718186519712513473e+03
6.719559687205051887e+03
6.720626196173092467e+03
6.721043429319701318e+03
6.722047668249347225e+03
6.722914170254796772e+03
6.723649784945099782e+03
6.724573284418512230e+03
6.725062801240416775e+03
6.727203484213404408e+03
6.727861353028848498e+03
6.728191087298997445e+03
6.729486019096450946e+03
6.729895237293208993e+03
6.730934946661614958e+03
6.731961248879775667e+03
6.733013197272611251e+03
6.733352651970028091e+03
6.734491411333636279e+03
6.735744523774781555e+03
6.736409605357799592e+03
6.737651227900498270e+03
6.738297181091918901e+03
6.739552413812180930e+03
6.740261721734861567e+03
6.740457697493020532e+03
6.741366527617479733e+03
6.742674048332693019e+03
6.743672183245424094e+03
6.744725146506183592e+03
6.745670849832026761e+03
6.746593080879846639e+03
6.747242437890560723e+03
6.748029172419816859e+03
6.749031010237306873e+03
6.750213685342222561e+03
6.750601759539744307e+03
6.751786325711448626e+03
6.752178020361104245e+03
6.753436904757142656e+03
6.754800870274663794e+03
6.755929060721254245e+03
6.756349056164564900e+03
6.756987912268812579e+03
6.757968818185654527e+03
6.759040586961104964e+03
6.759501932128258886e+03
6.760462459400594526e+03
6.761720180324828107e+03
6.762871493911747166e+03
6.763550805103911443e+03
6.764315430966511485e+03
6.765177507003465507e+03
6.766626418343841578e+03
6.767055387842126947e+03
6.767826497444045344e+03
6.768762729472866340e+03
6.769585676837072242e+03
6.770093879396388729e+03
6.771955148424854997e+03
6.772495692995084028e+03
6.773740383049481352e+03
6.774572946802576553e+03
6.774993840108069890e+03
6.776146685002439881e+03
6.776359235997386349e+03
6.778094859514307245e+03
6.778684172078837037e+03
6.779586018071240687e+03
6.780217537107730095e+03
6.781893987624381225e+03
6.782353593658482168e+03
6.783353036592478929e+03
6.784369341123243430e+03
6.785226455746954343e+03
6.785783415364002394e+03
6.786860012200988422e+03
6.787190723306275686e+03
6.788359287917739493e+03
6.789795642994313312e+03
6.791028915455409333e+03
6.791376409715538102e+03
6.792196698981655572e+03
6.793061593444635946e+03
6.794096623844172427e+03
6.795007815668104740e+03
6.795896919249778875e+03
6.796295555003895970e+03
6.797774135880902577e+03
6.798366625614905388e+03
6.799273322354985794e+03
6.800772051417368857e+03
6.801656988280416044e+03
6.802224132415900385e+03
6.802957130339654213e+03
6.803905959480592173e+03
6.804369622404881738e+03
6.805731785578890594e+03
6.806401467743143257e+03
6.807689586081386551e+03
6.808690301596813697e+03
6.809403080163782761e+03
6.810366331181320675e+03
6.811157036390080975e+03
6.811850764837749921e+03
6.813242160313709064e+03
6.813937310608287589e+03
6.814462465953230094e+03
6.815081096307120788e+03
6.816335338647445496e+03
6.817957478321912276e+03
6.818595648109208923e+03
6.819200378865703897e+03
6.820389495636154606e+03
6.821029054304977763e+03
6.821700640049411049e+03
6.822503719518652360e+03
6.823687203033239712e+03
6.824619085022733998e+03
6.825430833430179518e+03
6.826694558727105687e+03
6.827215195839817170e+03
6.828196024115884939e+03
6.829600399880406258e+03
6.830083027378227598e+03
6.830870213620891263e+03
6.831545028254602585e+03
6.832556238235139062e+03
6.833389260421885410e+03
6.834177858652429677e+03
6.835801628118651934e+03
6.836654339308383896e+03
6.837608007663348872e+03
6.837961927128307252e+03
6.838573655317860357e+03
6.840160959158246442e+03
6.840629444018781214e+03
6.841652128808344060e+03
6.842568406740923820e+03
6.843097716812178987e+03
6.844542069426537637e+03
6.845395596546573870e+03
6.846437600649347587e+03
6.847230869124742640e+03
6.848211314779061468e+03
6.848775908203615472e+03
6.849879668262096857e+03
6.850113716574132013e+03
6.851115911270180732e+03
6.852988639447484275e+03
6.853366485079111044e+03
6.854363467096818567e+03
6.855292491816872825e+03
6.856262283256445698e+03
6.856760131671617273e+03
6.858049411800569942e+03
6.858558429214375792e+03
6.859922463959376728e+03
6.860187858899368621e+03
6.861108305661411578e+03
6.862251552326197270e+03
6.863661560661965268e+03
6.864468078714367948e+03
6.865320196229557951e+03
6.865947533329557700e+03
6.866605957422316351e+03
6.867507291743347196e+03
6.868582153641689729e+03
6.869569127747683524e+03
6.870024934550840044e+03
6.871789073856701179e+03
6.872372448382001494e+03
6.873072723613971903e+03
6.873934694034237509e+03
6.875153324099614110e+03
6.876145315861663221e+03
6.876698117410310260e+03
6.877237646576933003e+03
6.878258863124613526e+03
6.879112421812894354e+03
6.880377942410604192e+03
6.881688038384212632e+03
6.882445197358525547e+03
6.882838577211128722e+03
6.884181301466835066e+03
6.884701384278516343e+03
6.885263282750261169e+03
6.886623661119115241e+03
6.887549968308298958e+03
6.888250992867099740e+03
6.889289681088247562e+03
6.889977275509068022e+03
6.891537372835463430e+03
6.892182738260616134e+03
6.892950976502117555e+03
6.893749941560476145e+03
6.894725796291229017e+03
6.895615387172348164e+03
6.895840311975508484e+03
6.897082003225874359e+03
6.898502343014077269e+03
6.899560414678553570e+03
6.900318742990244573e+03
6.900858109754849465e+03
6.901834315321034410e+03
6.902578676872228243e+03
6.903937998227294884e+03
6.904535186364932088e+03
6.905140661438642383e+03
6.906094062894561830e+03
6.907140032630438327e+03
6.908442281898069268e+03
6.908903089541293411e+03
6.910472255698743538e+03
6.911048924563071523e+03
6.911819906831133267e+03
6.912192144576335522e+03
6.913303555547399810e+03
6.914187543371084757e+03
6.915329117315662188e+03
6.916245063928928175e+03
6.917216468424075174e+03
6.918357587013807461e+03
6.918817356663068495e+03
6.919750351056099134e+03
6.920967473414749293e+03
6.921483827935222507e+03
6.922480973999156959e+03
6.923354034045865774e+03
6.924145884035742711e+03
6.924460427819388315e+03
6.926654831366045983e+03
6.927286797837689846e+03
6.928071663256565444e+03
6.928719431898000039e+03
6.929627051913054856e+03
6.930528890049633446e+03
6.931345058650023020e+03
6.932023250807393197e+03
6.933304572524187279e+03
6.934184535983210480e+03
6.935045370894762527e+03
6.936108134342433004e+03
6.936738749030301733e+03
6.938142460069568187e+03
6.938676824998127813e+03
6.939728174416738511e+03
6.940311344603755060e+03
6.940802649579942226e+03
6.942049400324626731e+03
6.942947798550565494e+03
6.944312163919004888e+03
6.945071500563429254e+03
6.946311464558266380e+03
6.946661391100811670e+03
6.947472631963527419e+03
6.948143968613256220e+03
6.949584246728472863e+03
6.950558031839321302e+03
6.950778718800413117e+03
6.951731756770673201e+03
6.953170717240902377e+03
6.953807636482948510e+03
6.955261558551967937e+03
6.955788441534829872e+03
6.956546043636552895e+03
6.957755993703882268e+03
6.958032891659783672e+03
6.958980843288754841e+03
6.959816566484797477e+03
6.960901479751520128e+03
6.962607412061679497e+03
6.962870225996555746e+03
6.963680284481358285e+03
6.964533684079056911e+03
6.965796786754972345e+03
6.966478635398841107e+03
6.967140998080976715e+03
6.968316501086579592e+03
6.968801828338875566e+03
6.969932237760997850e+03
6.970535368743666368e+03
6.972095936145752603e+03
6.973262414596906638e+03
6.973654656489082299e+03
6.974591510670817115e+03
6.975295197954234936e+03
6.976008257662878350e+03
6.976919054490709641e+03
6.978181615018906086e+03
6.978842393158955019e+03
6.979762843417412114e+03
6.981004332176592470e+03
6.981976866683824483e+03
6.982397415579584049e+03
6.983385289848009961e+03
6.984843874844227685e+03
6.985151721856233053e+03
6.986003674960957142e+03
6.986850633675518111e+03
6.987254126322794946e+03
6.989031870465208158e+03
6.990113171653688369e+03
6.990678711334833679e+03
6.991939520170368269e+03
6.992275498255838102e+03
6.993159083827505128e+03
6.994109978417561251e+03
6.995039339733009001e+03
6.995819351875686152e+03
6.996886975870423157e+03
6.997808697348917121e+03
6.998498795222106310e+03
6.999682678654556184e+03
7.000717687588804438e+03
7.001855900890755947e+03
7.002352835851474993e+03
7.002691508680540210e+03
7.004043723499328735e+03
7.005062866174920600e+03
7.005100564672647124e+03
7.006739662383949508e+03
7.008114742057395233e+03
7.008817473633254849e+03
7.009367750707148844e+03
7.010354080472365240e+03
7.011000501879778312e+03
7.012236145978959030e+03
7.013158434223639233e+03
7.013706426479037873e+03
7.014629880155081992e+03
7.015280466924209577e+03
7.016721610295662686e+03
7.017835435823635635e+03
7.018482223807744049e+03
7.019437796946030176e+03
7.020435877382540639e+03
7.021023066109284628e+03
7.021657557247157456e+03
7.022295224444043924e+03
7.024042832031590478e+03
7.024455165702430349e+03
7.025699304046243014e+03
7.026594723731795966e+03
7.027308306663740041e+03
7.028454474427451714e+03
7.029026736381393675e+03
7.030160937812444899e+03
7.030916480678159132e+03
7.031735908085673145e+03
7.032326789393164290e+03
7.033374833299673810e+03
7.034292019875183541e+03
7.036042983450235624e+03
7.036590328238250549e+03
7.037287650971198673e+03
7.037826378791675779e+03
7.038892159117755909e+03
7.039724690853086031e+03
7.040828312058801203e+03
7.041380467339997267e+03
7.042367190690242751e+03
7.043660231421896242e+03
7.044644895546271073e+03
7.044831635317059408e+03
7.046487185180729284e+03
7.047225072049254777e+03
7.047948438454179268e+03
7.048949401863969797e+03
7.049280272516699370e+03
7.050297213171848853e+03
7.051126075603251593e+03
7.052731101998177110e+03
7.053529831409840881e+03
7.054229325776320366e+03
7.055362254325911636e+03
7.055986004943446460e+03
7.056614758134821386e+03
7.057640859333485423e+03
7.058629780453728017e+03
7.059889596893714042e+03
7.060046570771795814e+03
7.060897300346829070e+03
7.062396671827487808e+03
7.063516698792151146e+03
7.064111543391215491e+03
7.065149328525933015e+03
7.065783828580670161e+03
7.066700657475164007e+03
7.067232275507839404e+03
7.068407664647505953e+03
7.068910823584890750e+03
7.070631775541777643e+03
7.071257549038737125e+03
7.072437115054569404e+03
7.072983187561458180e+03
7.073466662994916987e+03
7.075067136414841116e+03
7.075890873553446909e+03
7.076342464150185151e+03
7.077065912471996853e+03
7.078271618865431265e+03
7.078931890804247814e+03
7.080137304262413636e+03
7.081329045567852518e+03
7.082278642199872593e+03
7.083024206212045101e+03
7.083620734181047737e+03
7.084299067796783675e+03
7.085248728797866534e+03
7.086306731439244686e+03
7.087186239237289556e+03
7.088172775646457012e+03
7.089062481920448590e+03
7.090042338353993728e+03
7.090994773908902062e+03
7.091867503872859743e+03
7.092676342251268579e+03
7.093502511762346330e+03
7.094688695951538648e+03
7.095085720383148328e+03
7.095725602561608866e+03
7.096634105638254368e+03
7.098543092299949421e+03
7.099105747706266811e+03
7.100148609518812009e+03
7.100374674131554457e+03
7.101805060778171537e+03
7.102326350494877261e+03
7.103038586280858908e+03
7.104510386060178462e+03
7.104853653429336191e+03
7.105840204617921700e+03
7.107089407119065982e+03
7.107734543391730767e+03
7.108776071695753672e+03
7.110001860578940978e+03
7.110890294249123144e+03
7.111196220368458853e+03
7.112280552946116586e+03
7.112700332233813242e+03
7.113874906598560301e+03
7.115004276076470887e+03
7.115666729177026355e+03
7.117412224324585623e+03
7.117750925734540942e+03
7.118533335836163133e+03
7.119283665360747364e+03
7.120250769053210206e+03
7.121421516882192918e+03
7.122205851773635004e+03
7.122716594278004777e+03
7.123681370582503405e+03
7.124489058108263634e+03
7.125915836857431714e+03
7.127035111899373078e+03
7.127569883237843896e+03
7.128564326582401009e+03
7.129114147836605298e+03
7.130329985123599727e+03
7.130710717138685141e+03
7.131460814545008361e+03
7.132874807757900271e+03
7.134003937657023016e+03
7.134723114154969153e+03
7.135384622834066249e+03
7.136640749182655782e+03
7.137288235953503317e+03
7.138467686063100700e+03
7.139026902843552307e+03
7.139857139271783126e+03
7.140793842097437846e+03
7.141546892189483515e+03
7.142172195163232573e+03
7.143971077069489183e+03
7.144642672074679467e+03
7.145706891491172428e+03
7.146385883316661420e+03
7.147152214246955737e+03
7.147421342255998752e+03
7.149102831303930543e+03
7.149690649365278659e+03
7.150675386373472065e+03
7.151241040722670732e+03
7.152673138348753128e+03
7.153629414430155521e+03
7.154183565146983710e+03
7.155223016558716154e+03
7.156483767096551674e+03
7.157069573699553985e+03
7.157560009133950189e+03
7.158479721559110658e+03
7.159230610392882227e+03
7.160332445434675719e+03
7.161815172321186765e+03
7.162637987016802981e+03
7.163137487199212046e+03
7.164371935918647068e+03
7.164711987143345141e+03
7.166042526862267550e+03
7.166532447389484332e+03
7.167595613911396867e+03
7.168643915100566119e+03
7.169192035856892289e+03
7.170161501605523881e+03
7.171135705960459745e+03
7.172806744272893411e+03
7.173355088187846377e+03
7.173622770905666584e+03
7.174907955975350887e+03
7.175547478519791184e+03
7.176380745980891334e+03
7.177135820086710737e+03
7.178280438268983744e+03
7.179369326560170521e+03
7.180557671965448208e+03
7.181140798188646841e+03
7.181855662361213035e+03
7.182761647877433461e+03
7.183850495116686034e+03
7.184720859712183483e+03
7.185725322573682206e+03
7.186027941311936956e+03
7.186689666428596865e+03
7.188322594508838847e+03
7.189145690499370176e+03
7.190294612842870265e+03
7.191067900937835475e+03
7.191983733312583354e+03
7.192682398727873988e+03
7.193221050146965354e+03
7.194053741291015285e+03
7.195421790712331131e+03
7.196187762765415755e+03
7.196957814200186476e+03
7.198143606364030347e+03
7.198993453206823688e+03
7.199744478634551342e+03
7.201057149777087943e+03
7.201577794024115974e+03
7.202481414823114392e+03
7.203172044686859408e+03
7.204265486356892325e+03
7.204764022449227014e+03
7.205523076974798641e+03
7.207445017114693655e+03
7.208190170854146345e+03
7.208927724211690474e+03
7.209383550025775548e+03
7.210413788577275227e+03
7.211335323495701232e+03
7.212363396768571874e+03
7.212963407701593496e+03
7.213836766767376503e+03
7.215101957542789023e+03
7.215532729521918554e+03
7.216953096055171045e+03
7.217710867056885036e+03
7.218731285313752778e+03
7.219713045159146532e+03
7.220432147546481247e+03
7.220784711972810328e+03
7.221858048232403235e+03
7.222538863252621923e+03
7.223961329509093048e+03
7.224960275793196161e+03
7.225664637285446588e+03
7.226826232421187342e+03
7.227670652097845050e+03
7.228104973435513784e+03
7.228963984592910492e+03
7.230578979849759889e+03
7.230781896557172331e+03
7.231712168225954883e+03
7.232507337222348724e+03
7.233305725601915583e+03
7.235032410357939625e+03
7.235592047601007835e+03
7.236715293141730399e+03
7.237292700988194156e+03
7.237923815549652318e+03
7.239107138358641350e+03
7.239492824902631583e+03
7.240744574580114204e+03
7.241383737522915908e+03
7.242813003428781485e+03
7.243908367802515386e+03
7.244194739883836519e+03
7.245048351170916249e+03
7.246521971661734824e+03
7.247172743211685884e+03
7.247980135164897547e+03
7.248558877326029688e+03
7.249575515820299188e+03
7.250311306882172175e+03
7.251235573152237521e+03
7.252579133334387734e+03
7.253776967720476932e+03
7.254381581372636902e+03
7.255040228434972050e+03
7.255894616493427748e+03
7.256728742507302741e+03
7.257358809297469634e+03
7.258884140087888227e+03
7.259519592696919062e+03
7.259970840182008942e+03
7.261333797702849552e+03
7.262445974054864564e+03
7.263122832007637953e+03
7.264272994053368166e+03
7.264748248090299967e+03
7.265962856285730595e+03
7.266825071623350595e+03
7.267022572810923521e+03
7.267851161907387905e+03
7.269281796531017790e+03
7.270665196022362579e+03
7.271162578225273137e+03
7.272293916094605265e+03
7.272756819678746979e+03
7.273701234074716012e+03
7.274639386093656867e+03
7.275692946628288155e+03
7.276188510979782222e+03
7.277313417506349651e+03
7.277911194920978232e+03
7.279226323515833428e+03
7.279768521282346228e+03
7.281316094067056838e+03
7.282176167149542380e+03
7.282817681698420529e+03
7.283495775763902202e+03
7.284023697897273451e+03
7.285277302369637255e+03
7.286139694204905936e+03
7.286779238865985462e+03
7.288267170428101053e+03
7.289103758080980697e+03
7.289940276827100206e+03
7.290821429929111218e+03
7.291290043575749223e+03
7.292741249445308313e+03
7.293403109651340856e+03
7.294204147964223012e+03
7.295048894052715696e+03
7.295564849559881623e+03
7.296571619042983912e+03
7.298368684315504652e+03
7.299138848601880454e+03
7.299336571426263617e+03
7.300763476874868502e+03
7.301581317104950358e+03
7.301848557608593183e+03
7.302917875819657638e+03
7.303843900682813910e+03
7.305060287115026767e+03
7.305818161576034072e+03
7.306637205578428620e+03
7.307660752633695665e+03
7.308671664974055602e+03
7.309497903971277083e+03
7.310501357045358418e+03
7.311190951720799603e+03
7.311881145968618512e+03
7.312724372391775432e+03
7.313555046083626621e+03
7.314449131441170721e+03
7.315755628547018205e+03
7.317100250555246021e+03
7.317553738653384244e+03
7.318351002510428771e+03
7.318871998937910575e+03
7.319896757099853858e+03
7.321233781570093015e+03
7.321717373427289203e+03
7.322568751053077904e+03
7.323243983122767531e+03
7.324849333141856732e+03
7.325226115149935140e+03
7.326444102995292269e+03
7.327534497970134908e+03
7.328283514383425427e+03
7.328861171711708266e+03
7.329815578232490225e+03
7.330586839533580132e+03
7.330970858435754963e+03
7.332652130477497849e+03
7.333517033387612173e+03
7.334639105970602941e+03
7.335193963690995588e+03
7.336016820436064336e+03
7.337312223967157479e+03
7.337649201460033510e+03
7.338621251438964464e+03
7.339763136524200490e+03
7.340495964530858146e+03
7.341172411124238351e+03
7.341781448952950996e+03
7.343507522665943725e+03
7.344429407193065344e+03
7.345413384428055906e+03
7.345737188186168169e+03
7.346698927085315518e+03
7.347601440600780734e+03
7.348226470588922894e+03
7.349249777628818265e+03
7.350347618713708471e+03
7.350973256492758992e+03
7.352631847583569652e+03
7.352880430233792140e+03
7.353913947828911660e+03
7.354584625580228021e+03
7.356076801101874480e+03
7.356713901537035781e+03
7.357298064962759781e+03
7.357829927024959034e+03
7.359022424060840422e+03
7.359818833444008305e+03
7.361267013426218000e+03
7.362058134431228609e+03
7.363102591149028740e+03
7.363822093867508556e+03
7.364469761389726045e+03
7.365120059910441341e+03
7.366176826462235113e+03
7.367444805267362426e+03
7.367716583625250678e+03
7.369211235568974189e+03
7.369532613631588902e+03
7.370778296043783484e+03
7.371987960977816329e+03
7.372805047996384019e+03
7.373424035167818147e+03
7.374349391958722663e+03
7.375199243762267542e+03
7.375878151643689307e+03
7.376873649474445301e+03
7.377190089316885860e+03
7.379332785005437472e+03
7.379979603052969651e+03
7.380464011573217249e+03
7.381536932090845767e+03
7.382222713356686654e+03
7.383173523724594816e+03
7.384202396205880177e+03
7.384924513067149746e+03
7.385752633651786709e+03
7.386461552514135292e+03
7.387542420641697390e+03
7.388629535056729765e+03
7.389584509291652466e+03
7.390664177739965453e+03
7.391440259727915873e+03
7.392160733367933972e+03
7.392988605528528751e+03
7.393173269331163283e+03
7.394711617877432218e+03
7.395693962379838013e+03
7.396403273585961870e+03
7.397531933665013639e+03
7.398751920761656947e+03
7.399220386820145904e+03
7.399828819540750374e+03
7.401354181203369990e+03
7.401670669618893953e+03
7.403018090817923621e+03
7.403448923018043388e+03
7.404103468670983602e+03
7.405071527890625475e+03
7.406434875899130930e+03
7.407782772520034996e+03
7.408318442247685198e+03
7.408961023091149400e+03
7.409697910099988803e+03
7.410875016639208297e+03
7.411475578801158008e+03
7.412213344651957414e+03
7.413328582877763438e+03
7.414418814788437885e+03
7.415180650157045420e+03
7.416269504358515405e+03
7.416713391716671140e+03
7.418310509223290865e+03
7.418988098353757778e+03
7.419537617023206622e+03
7.420415913275071034e+03
7.421420781813852955e+03
7.421806962622241372e+03
7.422910687407876139e+03
7.424220735433382288e+03
7.425306205763072285e+03
7.426042615765489245e+03
7.427010358315736994e+03
7.427618882172240774e+03
7.428124246616228447e+03
7.429350889131061194e+03
7.430555368894859384e+03
7.431156635122250918e+03
7.431634303466920755e+03
7.432740669966663518e+03
7.434041575198198188e+03
7.435059191589478360e+03
7.435590441587654823e+03
7.436766516776394383e+03
7.437658181522263476e+03
7.438125995042938484e+03
7.438872215940765273e+03
7.439737648719435128e+03
7.440703121048362846e+03
7.441969323389231249e+03
7.443171160862861143e+03
7.443628394354243937e+03
7.444423866228738916e+03
7.445518979786399541e+03
7.446192112312270183e+03
7.447470379601740206e+03
7.447915999950696460e+03
7.448578846008307664e+03
7.450026851981019718e+03
7.450313414658015063e+03
7.451287377006888164e+03
7.453156333014424490e+03
7.453562255596974865e+03
7.454501150895424871e+03
7.455111599984896202e+03
7.455756248182660784e+03
7.456879264173984666e+03
7.457555015683982674e+03
7.458758896547601580e+03
7.459317916595858151e+03
7.460742319218625198e+03
7.461412836776340555e+03
7.462345119229532429e+03
7.463241034353371106e+03
7.463953428492880448e+03
7.465235332546496466e+03
7.465873648618118750e+03
7.466509567399981279e+03
7.467236892002761124e+03
7.467893516230215027e+03
7.469742312775720166e+03
7.470410694722723747e+03
7.471316153957136521e+03
7.472216337834579463e+03
7.472938452470044467e+03
7.473801923221800280e+03
7.474318375560986169e+03
7.475457148465555292e+03
7.476661685380833660e+03
7.477126117162264563e+03
7.477990220376344951e+03
7.479360803879441846e+03
7.479826490146604556e+03
7.481270585133405802e+03
7.482088353049577563e+03
7.482760970559226735e+03
7.483222684506732548e+03
7.484435406371246245e+03
7.485087260837080976e+03
7.485836110097769051e+03
7.486980574712562884e+03
7.488341398400302751e+03
7.489410793262698462e+03
7.489801649959827955e+03
7.490288466891315693e+03
7.491480237437946926e+03
7.492871177010946667e+03
7.493000605946223914e+03
7.494155593665299421e+03
7.494893354720954449e+03
7.495620535550989189e+03
7.496903234041265023e+03
7.497876666871169618e+03
7.499018375212885076e+03
7.499635017044756751e+03
7.500520758701277373e+03
7.501394356540355147e+03
7.501889601165814383e+03
7.502606128496649944e+03
7.503815822095972180e+03
7.505007627511302417e+03
7.505855760749127512e+03
7.506458777844249198e+03
7.507881582709907889e+03
7.508325357727524533e+03
7.509362857972488200e+03
7.510062014246714170e+03
7.511268152095430196e+03
7.511831550094299928e+03
7.512639108892179138e+03
7.513256478602329480e+03
7.514327458196641601e+03
7.516017338757153084e+03
7.516682865383154422e+03
7.517316546882907460e+03
7.518233922044484643e+03
7.518988255293477778e+03
7.519483808585253428e+03
7.521095478308027850e+03
7.521418960158709524e+03
7.522235955940900567e+03
7.523583809962573469e+03
7.524576063140946644e+03
7.525117755066564314e+03
7.526077888669458844e+03
7.527339243900151814e+03
7.528255945298981715e+03
7.528618824834709812e+03
7.529572439683574885e+03
7.530024518136625375e+03
7.531443037755095247e+03
7.531918476003772412e+03
7.533701788860477791e+03
7.534196176756290697e+03
7.535269416746331444e+03
7.535795879638116276e+03
7.536852140836627768e+03
7.537312581103595221e+03
7.538513844107824298e+03
7.539507181192063399e+03
7.540227539900590273e+03
7.540952212400233293e+03
7.541719927233003546e+03
7.543274086810603876e+03
7.544143089597873768e+03
7.545017282211273596e+03
7.545469645335592759e+03
7.546619778438462163e+03
7.547346464375364121e+03
7.548163928908409616e+03
7.548467009257108657e+03
7.550120472174726274e+03
7.551093890396879033e+03
7.552050977943308681e+03
7.552915722719903897e+03
7.553422599595428437e+03
7.554415064430765597e+03
7.555636986998433713e+03
7.556215633320349298e+03
7.557123848469489531e+03
7.557731650015266496e+03
7.558618693144908320e+03
7.559643376318825176e+03
7.560829820023240245e+03
7.561658959993991630e+03
7.563182814437627712e+03
7.563520415699233126e+03
7.563769301891219584e+03
7.564960243676845494e+03
7.565732853403865192e+03
7.566845322430019223e+03
7.567866531115936596e+03
7.568289067602235264e+03
7.569797165105977911e+03
7.570547137990415649e+03
7.571281289377956455e+03
7.572278993977846767e+03
7.573255184306472074e+03
7.574046802048448626e+03
7.574749888838462539e+03
7.575696668164665425e+03
7.576268605073816616e+03
7.576905770590952670e+03
7.578917486664980970e+03
7.579597757316370917e+03
7.580280088977226114e+03
7.580959830819929266e+03
7.582031705549502476e+03
7.582802983860871791e+03
7.583462734774581804e+03
7.584486959736256722e+03
7.585469517629117945e+03
7.586234994584177002e+03
7.587283239491649510e+03
7.587890350603440311e+03
7.589356254115857155e+03
7.590120871486677061e+03
7.590918224866149103e+03
7.591966193812054371e+03
7.592269712605830136e+03
7.593098313959197185e+03
7.594102742542238047e+03
7.595077658168319431e+03
7.596016212837787862e+03
7.597414985716673982e+03
7.598007882857832556e+03
7.598982709953076665e+03
7.599565154718347912e+03
7.600130858727206032e+03
7.601751366014514133e+03
7.602405163470409207e+03
7.603022366327148120e+03
7.603560678580000058e+03
7.604831196490888033e+03
7.605857934326611030e+03
7.606994882980089642e+03
7.608021354122684897e+03
7.608420807870141289e+03
7.609673607809897476e+03
7.610066214264622431e+03
7.610854490320339210e+03
7.611794530221127388e+03
7.612682249514444266e+03
7.613949125482984527e+03
7.614911019080955157e+03
7.615589706732948798e+03
7.616361441789907076e+03
7.617490687417529443e+03
7.618506225529718904e+03
7.619109221400457500e+03
7.619749441833419951e+03
7.620983924855111582e+03
7.621693574971434828e+03
7.622017492708766440e+03
7.623423298545592843e+03
7.624987382547289599e+03
7.625594493501391298e+03
7.626265292758523174e+03
7.627127213556263996e+03
7.627690979947768938e+03
7.628742026441597773e+03
7.629642702477913190e+03
7.630569927977195221e+03
7.631506758032182006e+03
7.632009099304118536e+03
7.633651861591743909e+03
7.634312300238633725e+03
7.634771788000812194e+03
7.636387151486738730e+03
7.636822989399395738e+03
7.637940366202656151e+03
7.638237099967604081e+03
7.639039294910688113e+03
7.639934790875170620e+03
7.641505667573556821e+03
7.642166837363396553e+03
7.643295177167178736e+03
7.644035703917745195e+03
7.644927813313910519e+03
7.645331599328180346e+03
7.646560905687084414e+03
7.647399804109450088e+03
7.648197821584823032e+03
7.649210368914104038e+03
7.649787924743955045e+03
7.650778131570510595e+03
7.651918000850129829e+03
7.653356680957866047e+03
7.653702814986444537e+03
7.654580638876738703e+03
7.655121494572614210e+03
7.656261966851358920e+03
7.656956407644797764e+03
7.657717933644821642e+03
7.658652286327494949e+03
7.660264422520262087e+03
7.660874842474167963e+03
7.661578687879151403e+03
7.662331833437668138e+03
7.663456194163918553e+03
7.664203009254391873e+03
7.665444059487938830e+03
7.665801809429017339e+03
7.666502822823470524e+03
7.667549329156073327e+03
7.668365665795743553e+03
7.669936029946728922e+03
7.670581042533543041e+03
7.671447129920533371e+03
7.672450691456603636e+03
7.673103534095298528e+03
7.673740632528100832e+03
7.674241511064689803e+03
7.676061473908754124e+03
7.676404517064156607e+03
7.677306367425822827e+03
7.678489609005653620e+03
7.679283816647054664e+03
7.680369729689470660e+03
7.681049611798071965e+03
7.681945482259357959e+03
7.683018167363956309e+03
7.683593964876362406e+03
7.684205667991135670e+03
7.685305556834081472e+03
7.685782993532922774e+03
7.687513293015229465e+03
7.688591692890071499e+03
7.689156619857496480e+03
7.689858001083121053e+03
7.690429650782192766e+03
7.691802176533043166e+03
7.692342743388696363e+03
7.693479401398161826e+03
7.693897005960980096e+03
7.695112272417748500e+03
7.696136385041082576e+03
7.696779476828299266e+03
7.697898469111742088e+03
7.699071025944231224e+03
7.700036047546039299e+03
7.700216724379954940e+03
7.701157954572197923e+03
7.702194731381937345e+03
7.702589229875584351e+03
7.703831003124177187e+03
7.705213166786041256e+03
7.705703216887985946e+03
7.706962196191279872e+03
7.707736760360777225e+03
7.708220972632061603e+03
7.709242640641286926e+03
7.710123839877936007e+03
7.711223648931966636e+03
7.711928933800227242e+03
7.712779308288258107e+03
7.712908648889922006e+03
7.714904975654682858e+03
7.715806809192833498e+03
7.716493161846611656e+03
7.717430625538000641e+03
7.718209439895409560e+03
7.718871828009921046e+03
7.719753486074996545e+03
7.720412175074541665e+03
7.721553996963718419e+03
7.722557228801705605e+03
7.723618282221125810e+03
7.724440916671356717e+03
7.725242870633079292e+03
7.725881074558964428e+03
7.727365067834397450e+03
7.728154537020827775e+03
7.728345321205481014e+03
7.729508444298457107e+03
7.730156710684246718e+03
7.731326343492595697e+03
7.731904604016607664e+03
7.733551152377834114e+03
7.734637209896445711e+03
7.734799051748371312e+03
7.735920191802878435e+03
7.736398982953628547e+03
7.737281516673403530e+03
7.738683400514950335e+03
7.739076079126563855e+03
7.740113547443324933e+03
7.740932128954655127e+03
7.742093826817392255e+03
7.742861768148461124e+03
7.744168742339144046e+03
7.744539185766441733e+03
7.745564177665552052e+03
7.746617972149764682e+03
7.747262729142251374e+03
7.747603843256256368e+03
7.748560899267973582e+03
7.749950340468416471e+03
7.751417942590560415e+03
7.751732240722188180e+03
7.752412059063885863e+03
7.753812564124215896e+03
7.754165808072856635e+03
7.755042744738049805e+03
7.756140545944699625e+03
7.756961660293783098e+03
7.757748648753477937e+03
7.758441967610163374e+03
7.759592954770952019e+03
7.760470136603880746e+03
7.761852016416726656e+03
7.762516669838838425e+03
7.763365536637485093e+03
7.763887943627448294e+03
7.764629540608917523e+03
7.765580549321205581e+03
7.766648068548923220e+03
7.767347361427240685e+03
7.768417093856476640e+03
7.769913327770865180e+03
7.770261243682984059e+03
7.770983886849091505e+03
7.771801935593383860e+03
7.773152164235817509e+03
7.774018899975771092e+03
7.774296269528577795e+03
7.775448785294473055e+03
7.775977608167172548e+03
7.776955377123453218e+03
7.778619618817802802e+03
7.779147738368911632e+03
7.780294143760090265e+03
7.780791631249869170e+03
7.781703703737553951e+03
7.782448108668124405e+03
7.783333189556128673e+03
7.783869822963324623e+03
7.785543212016206780e+03
7.785972158398128158e+03
7.786910885163880266e+03
7.787847577241956969e+03
7.788942037729745607e+03
7.789846487233922744e+03
7.790584748288392802e+03
7.791498122458369835e+03
7.792057000206961675e+03
7.793208438102891705e+03
7.793731179349189006e+03
7.794330647915022382e+03
7.796167939908259541e+03
7.796882750797398330e+03
7.797939994785891031e+03
7.798642876532039736e+03
7.799027356176224202e+03
7.800048866699561586e+03
7.801085965692595892e+03
7.802278136743012510e+03
7.802563043838598787e+03
7.803341640437309252e+03
7.804662539155136074e+03
7.805651244456075801e+03
7.806365526757545013e+03
7.807453947055253593e+03
7.808521694540726457e+03
7.809148095665498658e+03
7.809949348552199808e+03
7.810246422779107888e+03
7.811425296754865485e+03
7.812392880857760247e+03
7.813480751249710920e+03
7.814556090476849931e+03
7.815586939345173050e+03
7.815855841174666239e+03
7.817152637267742648e+03
7.817796685739583154e+03
7.818660115006317028e+03
7.819635648031588971e+03
7.820586397432231024e+03
7.821053880222406406e+03
7.822094093501539646e+03
7.822719034353718598e+03
7.824645471276426179e+03
7.825273177259965451e+03
7.825827781341022273e+03
7.826471180296940474e+03
7.827806459758518940e+03
7.828125195235319552e+03
7.828993878289369604e+03
7.830128538967394888e+03
7.830877581937871582e+03
7.832274462692867019e+03
7.832824494593667623e+03
7.833920755248590467e+03
7.834383065914865256e+03
7.835733258049544929e+03
7.836463501636442743e+03
7.837396947490325147e+03
7.838064178062147221e+03
7.838482550842812998e+03
7.839568362838761459e+03
7.840782349085686292e+03
7.841828068608777357e+03
7.842773773977402925e+03
7.843741048100103399e+03
7.844457429440749365e+03
7.845080327763865171e+03
7.845576147186457092e+03
7.847000089158636001e+03
7.847835966138221920e+03
7.848647013323947249e+03
7.849322974184131454e+03
7.850381575865229024e+03
7.851749375193901869e+03
7.852055533000644573e+03
7.853536887110029966e+03
7.854099209290602630e+03
7.854705243499414792e+03
7.855730232864410937e+03
7.856589741467902059e+03
7.857007480210241738e+03
7.857998247520007681e+03
7.859863876592035012e+03
7.860360848829582210e+03
7.861074293126313023e+03
7.861968307522175564e+03
7.862576808489509858e+03
7.863886469839470010e+03
7.864688424186120756e+03
7.865047548549886415e+03
7.866327295716897424e+03
7.867142338041973744e+03
7.867701391247108404e+03
7.869054058996961430e+03
7.870100532362201193e+03
7.871026268506167980e+03
7.871891593703722720e+03
7.872421051360308411e+03
7.873258974733154901e+03
7.873857411725421116e+03
7.874894281010700979e+03
7.876081256282227514e+03
7.876811378416846310e+03
7.877833953052451761e+03
7.878910611220161627e+03
7.879774371317585064e+03
7.880247924997616792e+03
7.881172597090475392e+03
7.882440411048756687e+03
7.883219132091240681e+03
7.883739288678191770e+03
7.884386136360235469e+03
7.885310055570770601e+03
7.886697844124512812e+03
7.887902634545408546e+03
7.888582508384611174e+03
7.889247759852946729e+03
7.890199885171151436e+03
7.890829109253514616e+03
7.891738485147037863e+03
7.892471581268802765e+03
7.893753775748135922e+03
7.894146224240495940e+03
7.895752701737036659e+03
7.896284146796155255e+03
7.896810706211280376e+03
7.898443975525827227e+03
7.899189387686444206e+03
7.899737784133993046e+03
7.900699743497209965e+03
7.901203724772067289e+03
7.902431940428291455e+03
7.902845882347639417e+03
7.904000011350513887e+03
7.905495359792199451e+03
7.906307057653093580e+03
7.907033279619341556e+03
7.907462023026751012e+03
7.908754089324921551e+03
7.909071081108475482e+03
7.910496345642476626e+03
7.911290474750288922e+03
7.911974654015073611e+03
7.912521894757600421e+03
7.913958900163054750e+03
7.914898228655281855e+03
7.916139083618642871e+03
7.916249620362815222e+03
7.917846984218910620e+03
7.918206299766420670e+03
7.919009503413645689e+03
7.919702077252901290e+03
7.920394917845036616e+03
7.922053034576522805e+03
7.922723312421270748e+03
7.923710141380544883e+03
7.924582047217101717e+03
7.925391338795337106e+03
7.926044750271575140e+03
7.927227859749140407e+03
7.928007764629537633e+03
7.928684234751108306e+03
7.929540229147085483e+03
7.930604941255269296e+03
7.930948076826018223e+03
7.932471666174170423e+03
7.933645643224237574e+03
7.934495415309209420e+03
7.935214648402930834e+03
7.935570718561863941e+03
7.936442237033273159e+03
7.937745180588847688e+03
7.938315574079556427e+03
7.939086639386133356e+03
7.940354012879286529e+03
7.941265683750246353e+03
7.942317604788917379e+03
7.942745097903532042e+03
7.943785515988010957e+03
7.944959519126582563e+03
7.945740693786377051e+03
7.946220788193227236e+03
7.947289771165853381e+03
7.947729600273440155e+03
7.948634211573244102e+03
7.950265470539734451e+03
7.951314030649734377e+03
7.951584851706328664e+03
7.952794489272236206e+03
7.953594656971265977e+03
7.954308997263477977e+03
7.954747608585547823e+03
7.956152267105716419e+03
7.956989578249039369e+03
7.957947945783214891e+03
7.958317455921222972e+03
7.959688750437559065e+03
7.960661379307817697e+03
7.961649596876388387e+03
7.962562547058960263e+03
7.962956507789986063e+03
7.964203600710387036e+03
7.964684089862521432e+03
7.965315678842991474e+03
7.966568849824007884e+03
7.967266107538539472e+03
7.968909886518723397e+03
7.969629440350558980e+03
7.970220548110803065e+03
7.970847928248576864e+03
7.971821330830947772e+03
7.972995331891869682e+03
7.973804869056249117e+03
7.974458129757064853e+03
7.975017853871007901e+03
7.976207792148187764e+03
7.977291194443748282e+03
7.977975322928936293e+03
7.979419830145942797e+03
7.980244153621042642e+03
7.980592156635669198e+03
7.981677158957607389e+03
7.982329229078083699e+03
7.982856726483099919e+03
7.984194787625830941e+03
7.985078461489260917e+03
7.986116271568622324e+03
7.986989921279801820e+03
7.987776841671902730e+03
7.988826884442916707e+03
7.989527182533595806e+03
7.990464730054409301e+03
7.991154615188093885e+03
7.992449601868436730e+03
7.992775448790285736e+03
7.993535520095777429e+03
7.994268276831976436e+03
7.996325873550479628e+03
7.996702938035545230e+03
7.997562596959064649e+03
7.998503621700133408e+03
7.998960515915091491e+03
8.000086767551567391e+03
8.000654289531123140e+03
8.001827414146493538e+03
8.002504226795772411e+03
8.003544020732095305e+03
8.004486900352286284e+03
8.005558741555964843e+03
8.006089452661674841e+03
8.007166316113007269e+03
8.008486686298687346e+03
8.009024278312770548e+03
8.009383936409158196e+03
8.010212236319678595e+03
8.011469380858899967e+03
8.011929391130553995e+03
8.013442022089036982e+03
8.014276774716247019e+03
8.015371885937362094e+03
8.016201731490309612e+03
8.016491199874103586e+03
8.017361465467249218e+03
8.018637826606620365e+03
8.019356639065827949e+03
8.020319689666986051e+03
8.020837459741009297e+03
8.021895481637498051e+03
8.022717489709397341e+03
8.024403582467122760e+03
8.024670982458977051e+03
8.025752452902289406e+03
8.026391854103007972e+03
8.027305874159539599e+03
8.028124025978591817e+03
8.028746401313329443e+03
8.029407822326108544e+03
8.031058009786897856e+03
8.031951322173808876e+03
8.032793383790673033e+03
8.033269191957556359e+03
8.034386240870653637e+03
8.035393242316707074e+03
8.035999510970187657e+03
8.037034489891821977e+03
8.037803468786898520e+03
8.038428466931308321e+03
8.039310951894775826e+03
8.040363774173744787e+03
8.041485092078732123e+03
8.042752607553648886e+03
8.043228211967931202e+03
8.044222079323645630e+03
8.044702036441095515e+03
8.045412198483427346e+03
8.046349100762353373e+03
8.047858586760627986e+03
8.048092532351143745e+03
8.048939018671550002e+03
8.050707855425853268e+03
8.050928553718142211e+03
8.051826700970998900e+03
8.052854735733884809e+03
8.053850683691920494e+03
8.054632075493164848e+03
8.055387536444195575e+03
8.056043545401502342e+03
8.056628566090334971e+03
8.057849854094792136e+03
8.059163910470731025e+03
8.060410573957889937e+03
8.060656750843521877e+03
8.061432878644980519e+03
8.062591530739173322e+03
8.063105008848428952e+03
8.064205515208021097e+03
8.064758371516303669e+03
8.065960611559453355e+03
8.066852181448752162e+03
8.067499979187696226e+03
8.068480997184477928e+03
8.069620473525597845e+03
8.070895715103643852e+03
8.071223812048207947e+03
8.072006261155453103e+03
8.072891660955188854e+03
8.073661638198679611e+03
8.074476781796315663e+03
8.075212479534271552e+03
8.076604646442832745e+03
8.077693139054214953e+03
8.078331290952393829e+03
8.079345222788620049e+03
8.080039511695499641e+03
8.080371623669992005e+03
8.082095848369000123e+03
8.082727357334069893e+03
8.083188121262285676e+03
8.084353898815797947e+03
8.084627810373944158e+03
8.086389367184023286e+03
8.087201332969661053e+03
8.087989215922948461e+03
8.089000277331536381e+03
8.090011702435148436e+03
8.090302075183277339e+03
8.091013047475937128e+03
8.092013186019190471e+03
8.093056821600834155e+03
8.093960796848973587e+03
8.095226429752914555e+03
8.095644649780624604e+03
8.096881209450584720e+03
8.097422804533747694e+03
8.098601451658408223e+03
8.099483713019982133e+03
8.100033954898180127e+03
8.100893317320693313e+03
8.101847479883354026e+03
8.102652891917435227e+03
8.103081247385375718e+03
8.104959580645941060e+03
8.106001082599121219e+03
8.106472478547109858e+03
8.106981007272883289e+03
8.107990030625679537e+03
8.108858614987057990e+03
8.109690218971911236e+03
8.110637684029407865e+03
8.111447479981097786e+03
8.112264753495158402e+03
8.113552643128010459e+03
8.114167019842272566e+03
8.115107358482817290e+03
8.116251266964432034e+03
8.116864424633297858e+03
8.118004737871154248e+03
8.118437379653194512e+03
8.119287139450122595e+03
8.119648862098551035e+03
8.121226751668285033e+03
8.122361423445455330e+03
8.123010669984642846e+03
8.124184278678352712e+03
8.124843587425551050e+03
8.125501626937460060e+03
8.126529528436144574e+03
8.126964551002274675e+03
8.128592208780040892e+03
8.129097632570099449e+03
8.129501991536929381e+03
8.130717735754437854e+03
8.131714724491744164e+03
8.132854767682931197e+03
8.133952804659217691e+03
8.134457140991120468e+03
8.135253151706349854e+03
8.135925988506041904e+03
8.136958578382117594e+03
8.137609942436052734e+03
8.138437429271391011e+03
8.139566538052356009e+03
8.140950740591126305e+03
8.141595750010061238e+03
8.142276001937051660e+03
8.142810496643743136e+03
8.144358563539670286e+03
8.144926296078330779e+03
8.145927384407723366e+03
8.146251283810104724e+03
8.147375558663971788e+03
8.148188405804627109e+03
8.148986653563429172e+03
8.150740615482132853e+03
8.151026671304605770e+03
8.152217728258409807e+03
8.152965931127600015e+03
8.153488253661007548e+03
8.154272979427265454e+03
8.155128933992541533e+03
8.156304912385852731e+03
8.157194764620168826e+03
8.157981568491565668e+03
8.158767638742285271e+03
8.160078200809919508e+03
8.160950122589702005e+03
8.161346145633207925e+03
8.162592140586540154e+03
8.163454284500946414e+03
8.164106957146947934e+03
8.164870257333309382e+03
8.165448818475203552e+03
8.166448089237459499e+03
8.168295104129872016e+03
8.168668480129247655e+03
8.169593836203725914e+03
8.170415779001677947e+03
8.171095110983013001e+03
8.171823553153261855e+03
8.173111533980957574e+03
8.173738292657767488e+03
8.174366180914143115e+03
8.175531628952027859e+03
8.176449213453735865e+03
8.177331542720256039e+03
8.178104666952751359e+03
8.179690387023258154e+03
8.180035752135504481e+03
8.181013209816269409e+03
8.181282044613567450e+03
8.182430116793736488e+03
8.183129990253211872e+03
8.184254600673371897e+03
8.185038683169381329e+03
8.186605228280465781e+03
8.187019086128030722e+03
8.187927398545163669e+03
8.188675092154903723e+03
8.189458001683713519e+03
8.190538859646429955e+03
8.191317359421739638e+03
8.192334649942094984e+03
8.192995406727353839e+03
8.193233410994545920e+03
8.194929408138006693e+03
8.196067584918459033e+03
8.196948324751570908e+03
8.197513353942913454e+03
8.198242611792509706e+03
8.199585117177657594e+03
8.199884773862719157e+03
8.200341952211152602e+03
8.201755260360196189e+03
8.202876646170399908e+03
8.203529203740132289e+03
8.204761729330088201e+03
8.205259250532255464e+03
8.206228375057993617e+03
8.207281175265221464e+03
8.208167607521845639e+03
8.208846424314349861e+03
8.209530685579144119e+03
8.210510348798943596e+03
8.211030888882607542e+03
8.212265612418521414e+03
8.213253267546901043e+03
8.214668747954194259e+03
8.215237624958912420e+03
8.215962628469760602e+03
8.216502661260261448e+03
8.217268004086898145e+03
8.218619573329715422e+03
8.219346543827537971e+03
8.220050014501031910e+03
8.220852882450029938e+03
8.222153933481833519e+03
8.222908793157701439e+03
8.223804093211694635e+03
8.224783041493124983e+03
8.225662484685170057e+03
8.226606391577557588e+03
8.227022032307299014e+03
8.227898063963537425e+03
8.228756591820183530e+03
8.229309424342824059e+03
8.231318604911877628e+03
8.231752039397670160e+03
8.232534397486111629e+03
8.233385017835937106e+03
8.234463093964037398e+03
8.234940463388085846e+03
8.235903077656301321e+03
8.236852837631773582e+03
8.237661239321279936e+03
8.238643824853557817e+03
8.239166099547594058e+03
8.240107660165187554e+03
8.241810539848806002e+03
8.242262983380447622e+03
8.243126125160611991e+03
8.244126672343005339e+03
8.244522473036397059e+03
8.245291902817523805e+03
8.246414750234614985e+03
8.247104523644822621e+03
8.248198015439498704e+03
8.249182211673994971e+03
8.250476640454473454e+03
8.250905128429843899e+03
8.251591930804604999e+03
8.252495963346240387e+03
8.253795261750577993e+03
8.254542110873249840e+03
8.255238100660730197e+03
8.255519078691640971e+03
8.256777714951960661e+03
8.257752236885287857e+03
8.258997998911041577e+03
8.259868525257801593e+03
8.260782502762527656e+03
8.261566253507895453e+03
8.262002122423529727e+03
8.263168899726109885e+03
8.263541048290497201e+03
8.264798832930118806e+03
8.265847428254266561e+03
8.266459167726401574e+03
8.267620802307135818e+03
8.268306797080353135e+03
8.269293837368957611e+03
8.270597375143772297e+03
8.271102988988783181e+03
8.271527124563273901e+03
8.273023727020428851e+03
8.273359088656961831e+03
8.274260748915792647e+03
8.274761296174177915e+03
8.276532087621641040e+03
8.277550531731380033e+03
8.278311044893745930e+03
8.278724155121672084e+03
8.279658220294079001e+03
8.280576684590987497e+03
8.281427733833263119e+03
8.282325186834637861e+03
8.283364230097242398e+03
8.283682719743919733e+03
8.284837059154500821e+03
8.286156465378322537e+03
8.286666088558196861e+03
8.287736512263614713e+03
8.288980436058249325e+03
8.289388001230432565e+03
8.290178026756237159e+03
8.290941297006234890e+03
8.291360592491897478e+03
8.292962945185368881e+03
8.293588170375629488e+03
8.294846862900662018e+03
8.295568517315534336e+03
8.296693739594806175e+03
8.297216960600331731e+03
8.297847035138320280e+03
8.299092930897248152e+03
8.300012435009626643e+03
8.300536369897705299e+03
8.301505488875302035e+03
8.302243478656941079e+03
8.302932610094596384e+03
8.304590585713634937e+03
8.305587635161418802e+03
8.306142916438067914e+03
8.306723994988386039e+03
8.307761913372272829e+03
8.308422654234320362e+03
8.309351684270006444e+03
8.310142625948197747e+03
8.310895266168154194e+03
8.312487888176028719e+03
8.313144211388340409e+03
8.313584885345473594e+03
8.314936714630643110e+03
8.315508934703108025e+03
8.316991697012572331e+03
8.317138031600439717e+03
8.318217082256094727e+03
8.318759355838359625e+03
8.319747436440156889e+03
8.320463512545591584e+03
8.321895686240279247e+03
8.322995964073077630e+03
8.323508788173949142e+03
8.324656429208123882e+03
8.325300636981033676e+03
8.325708797278193742e+03
8.326619738160312409e+03
8.328079211692025638e+03
8.328715589742689190e+03
8.329271340698187487e+03
8.330212048924968258e+03
8.331593502849680590e+03
8.332263071023853627e+03
8.333237664713928098e+03
8.334052726657462699e+03
8.335037292360082574e+03
8.335626392666261381e+03
8.336461889739042817e+03
8.337076040922296670e+03
8.337871295467131858e+03
8.339257480606267563e+03
8.340393714333007665e+03
8.341281554842609694e+03
8.341924980693567704e+03
8.342350313541955984e+03
8.343649101637254716e+03
8.344661638669773311e+03
8.345053008323446193e+03
8.346083112882302885e+03
8.346963463358863009e+03
8.347710096767259529e+03
8.348747559864035793e+03
8.349534979215146450e+03
8.351134421812470464e+03
8.351661547503139445e+03
8.352417119848341827e+03
8.352958073703177433e+03
8.353845609049025370e+03
8.354918549437190450e+03
8.355268913974758107e+03
8.356904040991135844e+03
8.357317471403421223e+03
8.358619425855004010e+03
8.359658407185575925e+03
8.359970765629970629e+03
8.361073625395230920e+03
8.361854099314577979e+03
8.362910269692054499e+03
8.363896584173056908e+03
8.364270313084729423e+03
8.364921654252533699e+03
8.365842461794978590e+03
8.367570202902088567e+03
8.368300171089584182e+03
8.368924192690776181e+03
8.369980516631729188e+03
8.370774259905909275e+03
8.371308043549177455e+03
8.372087574386334381e+03
8.373147445440275987e+03
8.374076460464702905e+03
8.374967512125240319e+03
8.375843575317223440e+03
8.376964785295105685e+03
8.377391886566343601e+03
8.378850000555768929e+03
8.379465601294925364e+03
8.380556228744111650e+03
8.380966154321460635e+03
8.381564090254532857e+03
8.382905500683484206e+03
8.383402690457030985e+03
8.384243264855644156e+03
8.386020866344513706e+03
8.386716772953246618e+03
8.387240328394949756e+03
8.388199827520238614e+03
8.388635538222306423e+03
8.389785194387121010e+03
8.391043045051890658e+03
8.391345769446801569e+03
8.392202609092721104e+03
8.393253383485222002e+03
8.394048747018989161e+03
8.395258153893819326e+03
8.396238183231034782e+03
8.396956726475998948e+03
8.397801538602678193e+03
8.398740715654843370e+03
8.399525152210575470e+03
8.399733280376689436e+03
8.400790029634321399e+03
8.402071249479738981e+03
8.403287132730923986e+03
8.403814434922654982e+03
8.404739289499231745e+03
8.405705195480421025e+03
8.406569355486752102e+03
8.407084863515017787e+03
8.408331513209208424e+03
8.408928736382755233e+03
8.410102479272851269e+03
8.410365241307512406e+03
8.411254384288655274e+03
8.412634141842294412e+03
8.413680979399163334e+03
8.414783450748680480e+03
8.415403499856647613e+03
8.415723254017673753e+03
8.416838129918141931e+03
8.417556527395179728e+03
8.418527239230455962e+03
8.419569109017362280e+03
8.420005248982217381e+03
8.421508390247803618e+03
8.422378527635417413e+03
8.423240648284421695e+03
8.423389063749007619e+03
8.425250971770325123e+03
8.425839729271378019e+03
8.426287467350237421e+03
8.427283348871031194e+03
8.428018573119377834e+03
8.428624830032447790e+03
8.429995855684124763e+03
8.431177000629286340e+03
8.431955360419309727e+03
8.432975958832972537e+03
8.433312480291409884e+03
8.434415421302017421e+03
8.435058137203259321e+03
8.435811385398177663e+03
8.437043923772020207e+03
8.437890770505877299e+03
8.438581508721452337e+03
8.439280453877014224e+03
8.440622495639605404e+03
8.441680875472000480e+03
8.442342548491260459e+03
8.443184375820363130e+03
8.443859358820966008e+03
8.445019550655988496e+03
8.445343743347071722e+03
8.446186349822426564e+03
8.447097012278567490e+03
8.448634176636200209e+03
8.449496018878890027e+03
8.450170450781584805e+03
8.451011051485949793e+03
8.451672354837663079e+03
8.452526787586850332e+03
8.453840544327522366e+03
8.454385593869506920e+03
8.455129114744626349e+03
8.455682201309986340e+03
8.457256933894870599e+03
8.457584956675284047e+03
8.459077902974868266e+03
8.459817317810839086e+03
8.460913889072826350e+03
8.461562867847096641e+03
8.462069886427541860e+03
8.462646579164098512e+03
8.463899499845707396e+03
8.464878542529873812e+03
8.465537510486055908e+03
8.466826335992042004e+03
8.467635630188771756e+03
8.468444307122617829e+03
8.469241866818203562e+03
8.470285462154492052e+03
8.470855567882219475e+03
8.472106756704897634e+03
8.472581593585822702e+03
8.473422142529288976e+03
8.474178986718236047e+03
8.474840320404315207e+03
8.476904664917530681e+03
8.477388694101604415e+03
8.477921861024891768e+03
8.478842816767808472e+03
8.479721517905516521e+03
8.480498098395821216e+03
8.481301917570463047e+03
8.481987757046319530e+03
8.483482314466080425e+03
8.483709365226568480e+03
8.485134315483053797e+03
8.485731595822058807e+03
8.486695524389842831e+03
8.487794494038858829e+03
8.488692418611324683e+03
8.489335843596700215e+03
8.490035611178058389e+03
8.490800705906940493e+03
8.491507454767121089e+03
8.492596487046625043e+03
8.493823574635229306e+03
8.494552018029911778e+03
8.496029850063820049e+03
8.496290002225625358e+03
8.497053886706817138e+03
8.497637356296138023e+03
8.498955065489744811e+03
8.499848538084948814e+03
8.500587623328916379e+03
8.501302755466844246e+03
8.501908544843172422e+03
8.503528225473843122e+03
8.504088873613565738e+03
8.505263513054702344e+03
8.506184467090155522e+03
8.506655630248316811e+03
8.507568430665196502e+03
8.508341839184960918e+03
8.509205092759779291e+03
8.509605168068928833e+03
8.511168181149292650e+03
8.512237298970798292e+03
8.513180504244766780e+03
8.513428366856176581e+03
8.514603122414804602e+03
8.515510306167103408e+03
8.516520710985603728e+03
8.517066793398953450e+03
8.517836912409939032e+03
8.518994229230282144e+03
8.519543241912979283e+03
8.520204192768442226e+03
8.521698529412680728e+03
8.522883461465875371e+03
8.523581766092820544e+03
8.524072959892595463e+03
8.525192740841855993e+03
8.525580145939871727e+03
8.526384967075491659e+03
8.527801285476009070e+03
8.528335279661196182e+03
8.529165725244556597e+03
8.530392088474891352e+03
8.531215969405231590e+03
8.532311647984248339e+03
8.532610707274996457e+03
8.533780194489509086e+03
8.535042150484168815e+03
8.535467449844383736e+03
8.536033310080767478e+03
8.536749664145820134e+03
8.537778374013585562e+03
8.539057118233906294e+03
8.540192595719829114e+03
8.540966649371093808e+03
8.541539982808591958e+03
8.542565392468219216e+03
8.543339096416792017e+03
8.543751519717896372e+03
8.545303334073614678e+03
8.545618122407257033e+03
8.546691491452831542e+03
8.547709108139346426e+03
8.548380388381307057e+03
8.549305495770688140e+03
8.550742265127923019e+03
8.551451183851781025e+03
8.552036847251925792e+03
8.552704688816771522e+03
8.553657695231644539e+03
8.554540035259276920e+03
8.555129548602584691e+03
8.556062209076877480e+03
8.557527026799400119e+03
8.558612656240040451e+03
8.558923460876136232e+03
8.559960124311472100e+03
8.560426167011681173e+03
8.561800541026590508e+03
8.562354829384679761e+03
8.563582511284261273e+03
8.563910392634172240e+03
8.564757382722133116e+03
8.565618743675628139e+03
8.567204607149902586e+03
8.567744539733550482e+03
8.568746748320489132e+03
8.569695230961155175e+03
8.570473144254967337e+03
8.570946215417387066e+03
8.571818896200671588e+03
8.572426464758280417e+03
8.573882934741581266e+03
8.574913003319525160e+03
8.575175968707240827e+03
8.576708934631089505e+03
8.577398701995898591e+03
8.577971246763931049e+03
8.579236900975936805e+03
8.579917964132033376e+03
8.580702003920610878e+03
8.581556354734948400e+03
8.582296736735663217e+03
8.582982426418622708e+03
8.583913021380960345e+03
8.585651463150219570e+03
8.586174833980534459e+03
8.587197320926821703e+03
8.587711288194941517e+03
8.588094852601427192e+03
8.589642476710267147e+03
8.590127188416552599e+03
8.591095567302460040e+03
8.591803792343194800e+03
8.592920901773499281e+03
8.594055748658847733e+03
8.594502062461295282e+03
8.595550909469975522e+03
8.596787241215077302e+03
8.597384498850857199e+03
8.598230072427937557e+03
8.599006813111067459e+03
8.599431780758703098e+03
8.600495518301922857e+03
8.601336163043639317e+03
8.602800930632691234e+03
8.603667158055497566e+03
8.604204875745890604e+03
8.605372037845811064e+03
8.606065011944545404e+03
8.606596847047911069e+03
8.607469584159036458e+03
8.608874054411911857e+03
8.609476576483579265e+03
8.609969946522662212e+03
8.610900549174502885e+03
8.612007241031536978e+03
8.613349092570395442e+03
8.614153530621093523e+03
8.614570297617559845e+03
8.615778990895758398e+03
8.616334145127391821e+03
8.617170423146717440e+03
8.617682388007682675e+03
8.619004610240153852e+03
8.619610075256379787e+03
8.621154330974113691e+03
8.621952650157469179e+03
8.622390314620142817e+03
8.623284603669737407e+03
8.624220096516319245e+03
8.625481069982619374e+03
8.626016582944008405e+03
8.626570046898996225e+03
8.627469440409708113e+03
8.628431748372702714e+03
8.629276843947525776e+03
8.630330799696212125e+03
8.631669465392838902e+03
8.632398793410631697e+03
8.633071914191365067e+03
8.633591393342439915e+03
8.634592755997273343e+03
8.635206921731365583e+03
8.636439865707612626e+03
8.637187563977980972e+03
8.638150805591880271e+03
8.638929026205096307e+03
8.640056739782065051e+03
8.640930858833447928e+03
8.641656960761905793e+03
8.642643422719740556e+03
8.643454487335060549e+03
8.644166494252547636e+03
8.645314890920888502e+03
8.645629539138186374e+03
8.646021671929314834e+03
8.648180817662840127e+03
8.648774619217365398e+03
8.649780880842648912e+03
8.650239461088614917e+03
8.651375577780705498e+03
8.651868483746335187e+03
8.652861534419747841e+03
8.653778576965076354e+03
8.654501099440598409e+03
8.655647399977164241e+03
8.656072710341726633e+03
8.657338800754278054e+03
8.658222107503617735e+03
8.659065463815270050e+03
8.660464749771566858e+03
8.660894985317800092e+03
8.661469178733335866e+03
8.662186065276713634e+03
8.663160874844048521e+03
8.664068204986471756e+03
8.664933277766944229e+03
8.666008296742533275e+03
8.667232034709075378e+03
8.668106266273987785e+03
8.668375532887168447e+03
8.669317504225815355e+03
8.670233446195974466e+03
8.671639127701579127e+03
8.671820091555089675e+03
8.672776806951547769e+03
8.673524006099667531e+03
8.674349201864057250e+03
8.675596120099391555e+03
8.676924281050592981e+03
8.677519367827768292e+03
8.677987746530281584e+03
8.679291278167585915e+03
8.679748657452122643e+03
8.680584051407366132e+03
8.681161852779127003e+03
8.682385865916401599e+03
8.683501223958030096e+03
8.684345138141239659e+03
8.685162576754764814e+03
8.685791259887644628e+03
8.687189699001746703e+03
8.687777364110730559e+03
8.688479057296975952e+03
8.689551335129888685e+03
8.690364817869789476e+03
8.690662797621833306e+03
8.691926226852760010e+03
8.692523178293995443e+03
8.694228413294897109e+03
8.694902289443240079e+03
8.695905093298259089e+03
8.696258314852631884e+03
8.697336511435269131e+03
8.697610485681203500e+03
8.699091219709500365e+03
8.699936426457792550e+03
8.700597521996260184e+03
8.701161157565171379e+03
8.702804254878286883e+03
8.703417101021721464e+03
8.704079332236731716e+03
8.705318810428645520e+03
8.706154650750804649e+03
8.707005236581810095e+03
8.707597537700992689e+03
8.708113872195475778e+03
8.709159693738631177e+03
8.709949365152497194e+03
8.711450294477423085e+03
8.712275399475056474e+03
8.712986720708002395e+03
8.714030953900324675e+03
8.714366502800912713e+03
8.715585779950790311e+03
8.716356426967991865e+03
8.717003515227570460e+03
8.718139853934953862e+03
8.719090250677110816e+03
8.719382554052766864e+03
8.720447893299267889e+03
8.721974942171496878e+03
8.722755721398911191e+03
8.723599098642280296e+03
8.724108198074103711e+03
8.724859676038093312e+03
8.725956761584509877e+03
8.726536842209521637e+03
8.727253773684011321e+03
8.728498800855315494e+03
8.729628006989616551e+03
8.730322892932990726e+03
8.731474828184223952e+03
8.731879802245324754e+03
8.732623377538742716e+03
8.734081398172940681e+03
8.734675973837622223e+03
8.735414586540169694e+03
8.736080091411660760e+03
8.736767658872635366e+03
8.737886599701183513e+03
8.739389508169815599e+03
8.739714814518672938e+03
8.741112495669392956e+03
8.741683325895486632e+03
8.742525510714971460e+03
8.742997118093942845e+03
8.743749048929481432e+03
8.745053827139448913e+03
8.745977161412505666e+03
8.746443532495899490e+03
8.747807308511779411e+03
8.748384570855761922e+03
8.749516423498662334e+03
8.750330086645506526e+03
8.751346430863810383e+03
8.751999141009404411e+03
8.752672763590087925e+03
8.753775489788955383e+03
8.754258907091736546e+03
8.755009176121686323e+03
8.756043831127348312e+03
8.757903052120735083e+03
8.758330109659318623e+03
8.758806686423187784e+03
8.759591981369532732e+03
8.760797760691635631e+03
8.761335651596278694e+03
8.762328890282304201e+03
8.763396469367102327e+03
8.763655686196538227e+03
8.765005865643435754e+03
8.765741131577497072e+03
8.766709274467539217e+03
8.767797892850312564e+03
8.768800400513366185e+03
8.769371308012005102e+03
8.770321068743480282e+03
8.771029690955945625e+03
8.771396367344525061e+03
8.772413788998577729e+03
8.773892563781475474e+03
8.774336921665972113e+03
8.775643665408926609e+03
8.776412826980882528e+03
8.777325477640992176e+03
8.778016754195505200e+03
8.778547501528248176e+03
8.779874152388763832e+03
8.780751048629248544e+03
8.781399843069602866e+03
8.781999405250277050e+03
8.782763532846502130e+03
8.784098180392591530e+03
8.785349005620333628e+03
8.786001416919756593e+03
8.786925723642420053e+03
8.787516533268482817e+03
8.788234123962098238e+03
8.789166704652085173e+03
8.790055912968537086e+03
8.790605373030883129e+03
8.791865750060682331e+03
8.792938115377124632e+03
8.793748087605066758e+03
8.794528210802314788e+03
8.795102194578155832e+03
8.796605348615252296e+03
8.797281339330113042e+03
8.797933469184165006e+03
8.798459711536961549e+03
8.799627566551525888e+03
8.800402790797839771e+03
8.800875335740938681e+03
8.802633957952015407e+03
8.803428243939237291e+03
8.804220472211773085e+03
8.805171186874198611e+03
8.805599435361211363e+03
8.806272540598551132e+03
8.807488748833904538e+03
8.808223313837879687e+03
8.809413500175125591e+03
8.809849477655006922e+03
8.810602647387453544e+03
8.812167774579549587e+03
8.812725714811276703e+03
8.813832162750635689e+03
8.814311277665618036e+03
8.815594893298597526e+03
8.816333686040035900e+03
8.816597902424007771e+03
8.817604528338501041e+03
8.818267042195531758e+03
8.819823257463869595e+03
8.820831983668505927e+03
8.821428062324346683e+03
8.822438231460546376e+03
8.822982439195979168e+03
8.823926324358184502e+03
8.824821596600018893e+03
8.825747064035054791e+03
8.826471286823933042e+03
8.827196344367448546e+03
8.828126900136692711e+03
8.829200853015418033e+03
8.829757344107925746e+03
8.831476274008275141e+03
8.832095903441104383e+03
8.832667733534361105e+03
8.833353272701493552e+03
8.834227333953716879e+03
8.834898748526264171e+03
8.836174940857910769e+03
8.836623445374283619e+03
8.837776447826208823e+03
8.839103878636087757e+03
8.839786452488944633e+03
8.840183848849725109e+03
8.841401930089408779e+03
8.842186429293527908e+03
8.843085298044887168e+03
8.844209896066891815e+03
8.844421280321555969e+03
8.845399046170998190e+03
8.845929067541601398e+03
8.847529970809930091e+03
8.848664758577926477e+03
8.849293012163449021e+03
8.849940859439542692e+03
8.850968666279146419e+03
8.851906343481166914e+03
8.852149291308352986e+03
8.853023070043142070e+03
8.854558251386009943e+03
8.854955551217050015e+03
8.856079945291803597e+03
8.856734523784161865e+03
8.857963064805151589e+03
8.858680999708134550e+03
8.859693494672752422e+03
8.860675496388899774e+03
8.861046695268194526e+03
8.861974859877249401e+03
8.862808651073864894e+03
8.863498357024211145e+03
8.864378003968136909e+03
8.865753819372408543e+03
8.866791201368247130e+03
8.867753787139256019e+03
8.868092270036928312e+03
8.868750967015190326e+03
8.869691904788887769e+03
8.871078180954405980e+03
8.871689920885597530e+03
8.872005432888385258e+03
8.873297980868783270e+03
8.874050059551384038e+03
8.875172814314833886e+03
8.876122838582175973e+03
8.876890060628395076e+03
8.878289574606815222e+03
8.878480878109605328e+03
8.879175609722502486e+03
8.880343782096937503e+03
8.880621668525396672e+03
8.881726078190098633e+03
8.883028741255178829e+03
8.884165749604953817e+03
8.884446684814876789e+03
8.885602305364962376e+03
8.886584181468504539e+03
8.887058666340970376e+03
8.888146956750708341e+03
8.888831196779794482e+03
8.889952996222664297e+03
8.890537948368928483e+03
8.891306737048091236e+03
8.891874379356850113e+03
8.893684840402353075e+03
8.894604473093550041e+03
8.895038202753998121e+03
8.896103336814670911e+03
8.896531323011318818e+03
8.897673494065038540e+03
8.898051507139096429e+03
8.899302724466759173e+03
8.900126946770478753e+03
8.900854875977542179e+03
8.902243765061542945e+03
8.903054487161954967e+03
8.903453422784505165e+03
8.904497639306033307e+03
8.905780057620077059e+03
8.906334722625173526e+03
8.907296439179868685e+03
8.907620487927697468e+03
8.908365865372006738e+03
8.909714669787566891e+03
8.910428989513738998e+03
8.911756517260449982e+03
8.912717343387954315e+03
8.913324972960765081e+03
8.914111116780208249e+03
8.914741188912255893e+03
8.915623803671878704e+03
8.916514178386545609e+03
8.917678078159366123e+03
8.918302168643902405e+03
8.918917303083197112e+03
8.920276287088843674e+03
8.920807424922180871e+03
8.922348329236663631e+03
8.922962986121956419e+03
8.923430369163905198e+03
8.924452124840512624e+03
8.925469534407589890e+03
8.925913861820414240e+03
8.926590671425492474e+03
8.927543910280875934e+03
8.929299323788705806e+03
8.929808678924302512e+03
8.930622184355024729e+03
8.931360853742507970e+03
8.932151532174342719e+03
8.933161556855913659e+03
8.934023589735781570e+03
8.934749925304202407e+03
8.935684604088346532e+03
8.936253765070299778e+03
8.937198156762437065e+03
8.938346035492339070e+03
8.939308181977246932e+03
8.940290249827748994e+03
8.941181572192283056e+03
8.942047712429559397e+03
8.942474071166487192e+03
8.942901797183500094e+03
8.944315501548007887e+03
8.945056384872776107e+03
8.946156952171697412e+03
8.946789546432199131e+03
8.948094866137136705e+03
8.948871203070622869e+03
8.949659174962522229e+03
8.950085438400234125e+03
8.951679585354739174e+03
8.952132146366207962e+03
8.952910570342162828e+03
8.953663140523774928e+03
8.954570266105707560e+03
8.955021105983401867e+03
8.956904086111224387e+03
8.957719764459237922e+03
8.958329612995061325e+03
8.959083915903633169e+03
8.959872529807256797e+03
8.960757465936536391e+03
8.961514277567270256e+03
8.962376098409866245e+03
8.963122595274162450e+03
8.964501768867299688e+03
8.965042322647061155e+03
8.965909132690283514e+03
8.966831852556912054e+03
8.968083142598414270e+03
8.968730830804888683e+03
8.969576813396182843e+03
8.970156460463083931e+03
8.971008144511877617e+03
8.971900341569524244e+03
8.972398475358717405e+03
8.973827888982770673e+03
8.974779544770535722e+03
8.976046813314545943e+03
8.976339748017880993e+03
8.977267754470200089e+03
8.978139157900688588e+03
8.978484856067781948e+03
8.980105035039647191e+03
8.980789975094998226e+03
8.981364598450198173e+03
8.981893809432898706e+03
8.983298016881797594e+03
8.984458470334755475e+03
8.984976927663607057e+03
8.986278143617257228e+03
8.986765638638711607e+03
8.987708763258455292e+03
8.988513243868865175e+03
8.988936179401069239e+03
8.989737246620055885e+03
8.991143647230734132e+03
8.991847222467371466e+03
8.993206522747888812e+03
8.993843872416933664e+03
8.994285296828882565e+03
8.995438088516588323e+03
8.996520060324059159e+03
8.997025737752290297e+03
8.997967571698080064e+03
8.998648899442072434e+03
8.999718728031784849e+03
9.000243406943076479e+03
9.001129405308298374e+03
9.002623776992957573e+03
9.003873677515279269e+03
9.004052178244030074e+03
9.004805111170249802e+03
9.005606797077049123e+03
9.006565630589182547e+03
9.007260756057401522e+03
9.008304703037771105e+03
9.009070075285329949e+03
9.010088962863381312e+03
9.011033504193104818e+03
9.012042284016975827e+03
9.012644453437733318e+03
9.013551021066799876e+03
9.014565229679206823e+03
9.015596687046418083e+03
9.015977933055108224e+03
9.016814019972604001e+03
9.017345160193772244e+03
9.018424475610378067e+03
9.020072493601837778e+03
9.020646017117476731e+03
9.021257036937256998e+03
9.022745934352786207e+03
9.022965488033276415e+03
9.023565193774027648e+03
9.024667245992581229e+03
9.025628559533684893e+03
9.026521713970003475e+03
9.027231504803192365e+03
9.028106836457523968e+03
9.028987081386134378e+03
9.030147631956571786e+03
9.031032976776785290e+03
9.032149738849133428e+03
9.032444258621348126e+03
9.033515720830413557e+03
9.033854034846002833e+03
9.035168949367585810e+03
9.035749059047582705e+03
9.036429306613503286e+03
9.038302210472736988e+03
9.038744798376163089e+03
9.039773178757523056e+03
9.040140208823973808e+03
9.040975491231656633e+03
9.042313865996178720e+03
9.043019421319069806e+03
9.043610772971060214e+03
9.044618071147806404e+03
9.045108590882362478e+03
9.046315029701647290e+03
9.047178898921221844e+03
9.048588554505273351e+03
9.049087937802136366e+03
9.049992714867448740e+03
9.050882205632555269e+03
9.051428509000665144e+03
9.052224339386075371e+03
9.052755417231304818e+03
9.054400106782060902e+03
9.054931264072116392e+03
9.055905240586100263e+03
9.056785351956468730e+03
9.057930288444322287e+03
9.058352731342005427e+03
9.059695201794214881e+03
9.059901550740716630e+03
9.061261010259075192e+03
9.062010375428286352e+03
9.062556640822880581e+03
9.063065987666102956e+03
9.064398647013107620e+03
9.065676445011300530e+03
9.066715937218861654e+03
9.067344319123518289e+03
9.067890693026052759e+03
9.068707565890810656e+03
9.069651864013749218e+03
9.070419820652425187e+03
9.071485275093295058e+03
9.072068890118189302e+03
9.072950481989126274e+03
9.074381551780923473e+03
9.074869755813135271e+03
9.075539800390943128e+03
9.076905342562264195e+03
9.077941193163163916e+03
9.078388813148849295e+03
9.078885068809988297e+03
9.079958594688501762e+03
9.080600278836755024e+03
9.081525029640737557e+03
9.082687459166014378e+03
9.083817684467940126e+03
9.084719189339048171e+03
9.085261991006198514e+03
9.086216791442006070e+03
9.086854064628998458e+03
9.087619989058994179e+03
9.088908988499886618e+03
9.089425998602173422e+03
9.090498988662222473e+03
9.090953967030520289e+03
9.091778385807689119e+03
9.093554540592722333e+03
9.094080653738819819e+03
9.094817936161849502e+03
9.095707283364858085e+03
9.096611589238438683e+03
9.097164150723323473e+03
9.098092115417231980e+03
9.098532042167058535e+03
9.099836635635669154e+03
9.101042374240885692e+03
9.101885250829855067e+03
9.102497480971078403e+03
9.103493787094455911e+03
9.104193256141505117e+03
9.105074920829636540e+03
9.106474161546830146e+03
9.106705267547544281e+03
9.107191202663576405e+03
9.108613643184053217e+03
9.109023970775506314e+03
9.110230386514662314e+03
9.111375084878634880e+03
9.112381582610445548e+03
9.113302297846672445e+03
9.113658797282170781e+03
9.114444853438539212e+03
9.115042930636192978e+03
9.116424405314448450e+03
9.117137058329919455e+03
9.117860968025157490e+03
9.118810944247423322e+03
9.120116281592967425e+03
9.120569264316976842e+03
9.121584902244998375e+03
9.122504965210955561e+03
9.123393854938902223e+03
9.124084874392272468e+03
9.125059677152572476e+03
9.125604247738101549e+03
9.126235472796694012e+03
9.127121392691025903e+03
9.128945962237436106e+03
9.129473000953557857e+03
9.130446701653567288e+03
9.130768159170791478e+03
9.131957373712513800e+03
9.132877022276270509e+03
9.133253132722165901e+03
9.134299136950121465e+03
9.135427457334468272e+03
9.136139601993791075e+03
9.136679196436498387e+03
9.138105910779158876e+03
9.138600382789620198e+03
9.140231969818214566e+03
9.140578259697125759e+03
9.141357179362334136e+03
9.142266523219928786e+03
9.142836907708715444e+03
9.143596977939632779e+03
9.144619980820221826e+03
9.145638522322160497e+03
9.146526358405506471e+03
9.147808894963089188e+03
9.148555047141635441e+03
9.149117996849556221e+03
9.149558123853039433e+03
9.151026455173489012e+03
9.151817672100358322e+03
9.152649018566886298e+03
9.153267808749673350e+03
9.153740200095622640e+03
9.155111134265143846e+03
9.156088026232411721e+03
9.157200853860185816e+03
9.157957603481643673e+03
9.158830116897250264e+03
9.159438824974984527e+03
9.160353847711056005e+03
9.160796139418418534e+03
9.161926432339943858e+03
9.162627075284894090e+03
9.164011258568751146e+03
9.164765021488881757e+03
9.165448663414386829e+03
9.166381734370745107e+03
9.167382447422909536e+03
9.168304925878113863e+03
9.169005615313923045e+03
9.169689672310458263e+03
9.170658946113624552e+03
9.171402013820586944e+03
9.172213321782217463e+03
9.172683910450423355e+03
9.174799448248375484e+03
9.175208835881228879e+03
9.175927458354539340e+03
9.176891017123540223e+03
9.177479208892978932e+03
9.178130377598334235e+03
9.179285979755704830e+03
9.180321113395797511e+03
9.180739286973817798e+03
9.181702974296287721e+03
9.182811173984773632e+03
9.183699837538328211e+03
9.184767194414182086e+03
9.185136000609179973e+03
9.186578146636389647e+03
9.187345086889568847e+03
9.187811497032358602e+03
9.188464829562724844e+03
9.189187313215268659e+03
9.190366779364116155e+03
9.191463118656116421e+03
9.192438691653935166e+03
9.193368911875733829e+03
9.194036497583256278e+03
9.194998618070027078e+03
9.195415993341559442e+03
9.196541376822498933e+03
9.197375793024768427e+03
9.198428751554567498e+03
9.198789347491290755e+03
9.200006746344035491e+03
9.200451077571462520e+03
9.201837434832796134e+03
9.203050941490620971e+03
9.203761790100945291e+03
9.204449930354578100e+03
9.204760708258412706e+03
9.206165350791598030e+03
9.206847375416245995e+03
9.207189750328559967e+03
9.208520414152957528e+03
9.209480933056158392e+03
9.210873978974290367e+03
9.211220220622675697e+03
9.211878326613839818e+03
9.212942543018036304e+03
9.213953457242496370e+03
9.214809815382855959e+03
9.215383063606701398e+03
9.216396499883132492e+03
9.216889162998637403e+03
9.217632413626710331e+03
9.219125065265663579e+03
9.220020083391238586e+03
9.220852137981712076e+03
9.222000798287770522e+03
9.222354047560482286e+03
9.223237859070792183e+03
9.223870046096291844e+03
9.224578163424444938e+03
9.226173215900609648e+03
9.226625762799938457e+03
9.227262194971401186e+03
9.228502157991702916e+03
9.229558364129359688e+03
9.230160704778991203e+03
9.231116341546648982e+03
9.232082594097690162e+03
9.232764557616515958e+03
9.233690366508899388e+03
9.234086401679775008e+03
9.235309074305780086e+03
9.235520669016888860e+03
9.237255825767933857e+03
9.238525524178481646e+03
9.238873162118126857e+03
9.239599760445382344e+03
9.240463318406555118e+03
9.241168927233486102e+03
9.242438747055546628e+03
9.243002727144772507e+03
9.243629625414072507e+03
9.244722256154660499e+03
9.245730317259871299e+03
9.246372479217969158e+03
9.247323682008931428e+03
9.248859664427933239e+03
9.249097134244813788e+03
9.250217232551685811e+03
9.250850268731168399e+03
9.251325332009919293e+03
9.252301982660403155e+03
9.253266895877883144e+03
9.254039963750217794e+03
9.255629242734972649e+03
9.255870307159366348e+03
9.257090976369529017e+03
9.257922851052207989e+03
9.258513197988890170e+03
9.259199490496888757e+03
9.260462686089542331e+03
9.261410917752196838e+03
9.261832615530931434e+03
9.262571905341419551e+03
9.263278863899333373e+03
9.264808555510762744e+03
9.265914999339087444e+03
9.266523355586281468e+03
9.267157637377176798e+03
9.268359885083666086e+03
9.268846663836467997e+03
9.269385312604052160e+03
9.270504925928491502e+03
9.271301028118585236e+03
9.272394102687190752e+03
9.273266843198505740e+03
9.274338133839817601e+03
9.274986375913176744e+03
9.275555512461765829e+03
9.277160514444523869e+03
9.277608768374497231e+03
9.278356214546118281e+03
9.279040933077736554e+03
9.279938256160905439e+03
9.280769267593454060e+03
9.281537438793173351e+03
9.282734288937201200e+03
9.284093681675076368e+03
9.284762478436967285e+03
9.285344159689400840e+03
9.285849431118951543e+03
9.286901569164032480e+03
9.287799427530864705e+03
9.288657678861049135e+03
9.289634716492791995e+03
9.290238472558106878e+03
9.291071149949048049e+03
9.292450151019331315e+03
9.293020371572758449e+03
9.294077099796137190e+03
9.294994414285980383e+03
9.295564223471825244e+03
9.296607047273229909e+03
9.297328597821579024e+03
9.297791417094673307e+03
9.298415822954259056e+03
9.300174304705344184e+03
9.301095504972085109e+03
9.301630677861678123e+03
9.302761169162320584e+03
9.303238852584414417e+03
9.304478169097739737e+03
9.304747219152917751e+03
9.306002925382834292e+03
9.306808098667526792e+03
9.307501144154388385e+03
9.308397687577842589e+03
9.309059307208768587e+03
9.310294182822783114e+03
9.311394263390711785e+03
9.312287090010511747e+03
9.313137110976716940e+03
9.313642041786628397e+03
9.314191767555916158e+03
9.315257777092714605e+03
9.316091993796680981e+03
9.317221478360377660e+03
9.317520864381380306e+03
9.319337900163971426e+03
9.319827795194360078e+03
9.320592913364353080e+03
9.321355037464780253e+03
9.322199858975794996e+03
9.323579903835332516e+03
9.324038642999947115e+03
9.324662478030882994e+03
9.325359891018410053e+03
9.326496593790359839e+03
9.327029340176412006e+03
9.328937276210059281e+03
9.329235940410046169e+03
9.330230659582979570e+03
9.330921834157541525e+03
9.331875838210982693e+03
9.332545535709050455e+03
9.332990177777222925e+03
9.334305898779170093e+03
9.335206489196421899e+03
9.336031511109678831e+03
9.336966415719894940e+03
9.337535506027181327e+03
9.338970532754690794e+03
9.339734206712102605e+03
9.340336005010403824e+03
9.341340822196101726e+03
9.341999574596002276e+03
9.342923902156084296e+03
9.343478761544974986e+03
9.344189903972415777e+03
9.345473934989955524e+03
9.346909626243472303e+03
9.347350886762278606e+03
9.348412153406305151e+03
9.348847438791957757e+03
9.349534174825501395e+03
9.350701823059300295e+03
9.351640126343543670e+03
9.352399663267564392e+03
9.353014453103445703e+03
9.353743506760978562e+03
9.355235106157850169e+03
9.355820175981831198e+03
9.356673033797418611e+03
9.357970513889609720e+03
9.358838675557577517e+03
9.359076903405517442e+03
9.360025057415079573e+03
9.360682314260677231e+03
9.361527052532508606e+03
9.362648214727740196e+03
9.363690016544967875e+03
9.364532422656035124e+03
9.365565561378696657e+03
9.366263485245108313e+03
9.366856452107047517e+03
9.367994621558229483e+03
9.368900918158318746e+03
9.369264875034456054e+03
9.370763366235001740e+03
9.371178734814528070e+03
9.371587599990185481e+03
9.372784751974935716e+03
9.374379510450160524e+03
9.375170795001104125e+03
9.375736537521141145e+03
9.376328130229519957e+03
9.377450651133645806e+03
9.377983702594425267e+03
9.379018437925036778e+03
9.379494344123486371e+03
9.380793873689144675e+03
9.381675840485115259e+03
9.382560440804547397e+03
9.383568374417503946e+03
9.384090451459149335e+03
9.385110359164360489e+03
9.386234914019049029e+03
9.386888612207834740e+03
9.387733832772215465e+03
9.388121802783693056e+03
9.388979169604210256e+03
9.390090466518719040e+03
9.391049764368448450e+03
9.392305852528508694e+03
9.392964477181185430e+03
9.393984756238854970e+03
9.394689784015236000e+03
9.395103416035848568e+03
9.395826310147316690e+03
9.397472564246871116e+03
9.397818267625127191e+03
9.398618868891882812e+03
9.399494206831581323e+03
9.400580871303545791e+03
9.401427516665658914e+03
9.402552909281863322e+03
9.403382930753850815e+03
9.403920835263552362e+03
9.405062878277394702e+03
9.405517985108348512e+03
9.406317820404488884e+03
9.407247627536477012e+03
9.407745436535875342e+03
9.409471336663333204e+03
9.410603937082796620e+03
9.410808666731094490e+03
9.411457048111918994e+03
9.412787360568496297e+03
9.413355204753259386e+03
9.414366649962947122e+03
9.415106792479155047e+03
9.415823151301210601e+03
9.416804191133096538e+03
9.417532924976707363e+03
9.418349184602919195e+03
9.419744269401406200e+03
9.420582583616911506e+03
9.421526892048423178e+03
9.422040011768900513e+03
9.422810743700449166e+03
9.423591008663044704e+03
9.424174561788018764e+03
9.425411963546654079e+03
9.426506903687983140e+03
9.426874533970336415e+03
9.428235207719002574e+03
9.429379144119795455e+03
9.429574025269554113e+03
9.430535514117107596e+03
9.431485551950740046e+03
9.432713826104669351e+03
9.433125018231328795e+03
9.433826715940169379e+03
9.434666665734315757e+03
9.435196314279324724e+03
9.437178849319270739e+03
9.437419496808175609e+03
9.438835191547619615e+03
9.439288351898247129e+03
9.439978628849728921e+03
9.440804069911680926e+03
9.441857096238964004e+03
9.442274634497078296e+03
9.443449249712150049e+03
9.444311353870485618e+03
9.445247610816521046e+03
9.446162804214649441e+03
9.446796122036819725e+03
9.447907524955042391e+03
9.449201580600951274e+03
9.449609725389102096e+03
9.450152313575517837e+03
9.451044025469182088e+03
9.452148976996906640e+03
9.452581214093017479e+03
9.453384466732684814e+03
9.454941836695375969e+03
9.455879794581773240e+03
9.456638848993114152e+03
9.457289938948842973e+03
9.457972397294628536e+03
9.458826684385940098e+03
9.459769410651762882e+03
9.460903772501187632e+03
9.461404922056239229e+03
9.462137989879678571e+03
9.462936516167903392e+03
9.464217904346365685e+03
9.465261895534529685e+03
9.465991177189080190e+03
9.466722587065203697e+03
9.467860632792306205e+03
9.468494804378226036e+03
9.469132039337015158e+03
9.469456006505055484e+03
9.470882771001473884e+03
9.471819269688123313e+03
9.472907942701793218e+03
9.473723079554978540e+03
9.474392245663753783e+03
9.475565521140302735e+03
9.475919635500875302e+03
9.477137885718797406e+03
9.477827320467828031e+03
9.478855699954578085e+03
9.479229478691426266e+03
9.480235271344658031e+03
9.481143882258962549e+03
9.481839788621124171e+03
9.483688815646473813e+03
9.484207298377048573e+03
9.484640388958237963e+03
9.485753856656421704e+03
9.486030868859608745e+03
9.487215810246310866e+03
9.488107214893483615e+03
9.488903784852236640e+03
9.489546258565251264e+03
9.491036789278032302e+03
9.491622337134984264e+03
9.492559851589392565e+03
9.493134847953395365e+03
9.494478852244827067e+03
9.495156477923670536e+03
9.495860072044986737e+03
9.496823908854259571e+03
9.497255442783198305e+03
9.497951007264427972e+03
9.499137222929028212e+03
9.500595321344588228e+03
9.501217267713875117e+03
9.501922520025646008e+03
9.503042498302918830e+03
9.503601117763335424e+03
9.504264017632143805e+03
9.505086080346834933e+03
9.506113854057057324e+03
9.507223790580799687e+03
9.507961501776308069e+03
9.508129637449226720e+03
9.509769913842899768e+03
9.510615551924727697e+03
9.511550977665867322e+03
9.512380208554101046e+03
9.513335229212823833e+03
9.513533893338417329e+03
9.514814322806685595e+03
9.515333335579303821e+03
9.516047851769819317e+03
9.517248001838854179e+03
9.518401462280204214e+03
9.519480657353684364e+03
9.520014543684854289e+03
9.520830643941693779e+03
9.521162437132308696e+03
9.522916082653631747e+03
9.523293287273883834e+03
9.524172145197426289e+03
9.524673999746042682e+03
9.525837508223161421e+03
9.526527981212930172e+03
9.527680937490484212e+03
9.528632397360561299e+03
9.529771681927852114e+03
9.530405942179322665e+03
9.531147923592072402e+03
9.531625571622489588e+03
9.532674849336539410e+03
9.533237985855254010e+03
9.534471660705845352e+03
9.535377269524698931e+03
9.536209876871133019e+03
9.537253631706384112e+03
9.537834915534642278e+03
9.539182796449742455e+03
9.539514744272632015e+03
9.540396197262094574e+03
9.541667102046192667e+03
9.542028340453083729e+03
9.543161504406562017e+03
9.543327342114100247e+03
9.544333386339598292e+03
9.546148062138916430e+03
9.546850958230857941e+03
9.547451494516013554e+03
9.548202699749706881e+03
9.549109408072243241e+03
9.550023825186957765e+03
9.550297435818614758e+03
9.551802310112949272e+03
9.552369737287714088e+03
9.553055529832436150e+03
9.554438731024914887e+03
9.555132351125928835e+03
9.555765517186338911e+03
9.557033450242659455e+03
9.557864073545581050e+03
9.558778597586111573e+03
9.559497877391873772e+03
9.559651002786866229e+03
9.560804275858352412e+03
9.561826855174031152e+03
9.562595160265600498e+03
9.563767484768306531e+03
9.564941586598359208e+03
9.565719270210825925e+03
9.565998473754085353e+03
9.567084762807113293e+03
9.567680668642880846e+03
9.568920136749611629e+03
9.569757583804237584e+03
9.570282928700380580e+03
9.571225835960820405e+03
9.571872993121369291e+03
9.573170828778938812e+03
9.574260212103265076e+03
9.575159596766068717e+03
9.575627693113068744e+03
9.576504120426485315e+03
9.577462720728044587e+03
9.578082268990219745e+03
9.578752937349978311e+03
9.579449577446088369e+03
9.581125284055393422e+03
9.581813931393478924e+03
9.582531012948869829e+03
9.583488437066878760e+03
9.584163335287170412e+03
9.585143063862838972e+03
9.586255233920493993e+03
9.586572222390226671e+03
9.587581534661283513e+03
9.588562422367796898e+03
9.588897946175895413e+03
9.589946539842007041e+03
9.591313819408709605e+03
9.592130272135011182e+03
9.593205180493658190e+03
9.593910165406045053e+03
9.594431429784413922e+03
9.594988285872686902e+03
9.595993695246837888e+03
9.597340246229807235e+03
9.597618342094729087e+03
9.598766169772417925e+03
9.599449375097214215e+03
9.601023594442614922e+03
9.601374051672792120e+03
9.601972952765041555e+03
9.603387320427234954e+03
9.604113455998882273e+03
9.604831331501784007e+03
9.605509080556901608e+03
9.606208589671676236e+03
9.606948842119687470e+03
9.608036444605873839e+03
9.609580310488176110e+03
9.610210766394500752e+03
9.610802823321588221e+03
9.611665887777862736e+03
9.612606349754942130e+03
9.613167963417456122e+03
9.614252323364500626e+03
9.614790927447389549e+03
9.616080125100234000e+03
9.616576304356221954e+03
9.617711563455022770e+03
9.618147803718693467e+03
9.619662657556978957e+03
9.620711570046190900e+03
9.621165759368628642e+03
9.621757407603286993e+03
9.622960401194606675e+03
9.623378434431066125e+03
9.624134944535440809e+03
9.625222075594958369e+03
9.626015526809151197e+03
9.627410922590326663e+03
9.628224711924473013e+03
9.628814176045421846e+03
9.629724366465654384e+03
9.630301966897595776e+03
9.631280209290209314e+03
9.632562265478025438e+03
9.633111145441420376e+03
9.633589919581043432e+03
9.634275150158076940e+03
9.635651739530143459e+03
9.636586190719115621e+03
9.637636829868488348e+03
9.638333970206398590e+03
9.639400372272584718e+03
9.639941632652453336e+03
9.640667624445024558e+03
9.641271927640640570e+03
9.642172583672367182e+03
9.643651510536878050e+03
9.643850300727237482e+03
9.645268004100864346e+03
9.646033601387987801e+03
9.646682120242308883e+03
9.647776874287208557e+03
9.648593127494612418e+03
9.649697627600658961e+03
9.649853790958864920e+03
9.650999123888006579e+03
9.651871456186812793e+03
9.652538464027657028e+03
9.653014874566615617e+03
9.654963345358770312e+03
9.655670242556963785e+03
9.656509156429003269e+03
9.657006073676157030e+03
9.657625816863723230e+03
9.658780678230385092e+03
9.659637116337265979e+03
9.660202999377106607e+03
9.661371533562065451e+03
9.661957836041305200e+03
9.663085768151968296e+03
9.663881076548494093e+03
9.665039454448804463e+03
9.665485661646631343e+03
9.666807212489642552e+03
9.667564227300297716e+03
9.668135428970974317e+03
9.668700128123908144e+03
9.669745616207286730e+03
9.670162113845697604e+03
9.671949512726718240e+03
9.672494340342316718e+03
9.673396190895942709e+03
9.674547299394769652e+03
9.675122226685421992e+03
9.675734272080004303e+03
9.676482970442664737e+03
9.677762490773549871e+03
9.678441444797379518e+03
9.679309646020154105e+03
9.679806168479679400e+03
9.680762833610206144e+03
9.681933181545262414e+03
9.683097742918038421e+03
9.683867021673075214e+03
9.684589585901776445e+03
9.685308004229365906e+03
9.685960000518492961e+03
9.686938901705503667e+03
9.687635650374519173e+03
9.688452504117911303e+03
9.689424900299010915e+03
9.691007692604953263e+03
9.691345099412726995e+03
9.692129608962688508e+03
9.692775465087985140e+03
9.694160018792739720e+03
9.694810249048601690e+03
9.695587265123240286e+03
9.696340584322437280e+03
9.696969092912941051e+03
9.697964078699751553e+03
9.698735918071115520e+03
9.699909751127412164e+03
9.701268636037584656e+03
9.701750955885449002e+03
9.702343670704511169e+03
9.703640136866695684e+03
9.703837388247138733e+03
9.704480325775091842e+03
9.705876215987489559e+03
9.706802865517505779e+03
9.707414647044850426e+03
9.708186078193497451e+03
9.709502438605259158e+03
9.710185679567854095e+03
9.711156381036051243e+03
9.711887312336946707e+03
9.712668956896419331e+03
9.713803909573425699e+03
9.714476372679759152e+03
9.714689105558265510e+03
9.715654426519518893e+03
9.716864893947744349e+03
9.718217323919809132e+03
9.719003948229437810e+03
9.719584605409278083e+03
9.720464454076305628e+03
9.721104473046969360e+03
9.721996753309982523e+03
9.723058455125068576e+03
9.723737313265188277e+03
9.724373873216511129e+03
9.725549128994302009e+03
9.726187902553736421e+03
9.727403728478151606e+03
9.727880335351850590e+03
9.729496025752607238e+03
9.730119586178587269e+03
9.730576904308747544e+03
9.731372827729494020e+03
9.732006893644667798e+03
9.733303859799543716e+03
9.733610464090441383e+03
9.734855515621142331e+03
9.736090792315415456e+03
9.736730369148979662e+03
9.737855582949503514e+03
9.738240421320171663e+03
9.739021072198769616e+03
9.740135575736943792e+03
9.741076087748449936e+03
9.741657972106349916e+03
9.742623564743644238e+03
9.743232096252093470e+03
9.743733762360301625e+03
9.745639066617375647e+03
9.746440268750824544e+03
9.746825728279776740e+03
9.748002697060168430e+03
9.748639282223253758e+03
9.749482254346996342e+03
9.750074742139966474e+03
9.750773005612476481e+03
9.751983307432255970e+03
9.753034700475616773e+03
9.753717213061298025e+03
9.754680499290170701e+03
9.755495112248225269e+03
9.756380104702497192e+03
9.757260899468928983e+03
9.758307454097393929e+03
9.758814665166590203e+03
9.759592246659125522e+03
9.760270891381358524e+03
9.761363189250918367e+03
9.761887569295264257e+03
9.763294099801654738e+03
9.764416349965647896e+03
9.765298077292483867e+03
9.765798045051535155e+03
9.766238754743440950e+03
9.767289858684207502e+03
9.768168596164699920e+03
9.769341847581768889e+03
9.769963460333965486e+03
9.770298585892207484e+03
9.771872279801797049e+03
9.772654168675884648e+03
9.773284337854804107e+03
9.774703617455914355e+03
9.775088283540137127e+03
9.776251533919416033e+03
9.776730381885561656e+03
9.777692679375588341e+03
9.778148806606652215e+03
9.778880763275066784e+03
9.780313329425089250e+03
9.781383732402793612e+03
9.782385525671767027e+03
9.782610816339745725e+03
9.783722534561653447e+03
9.784680677563404970e+03
9.785381062853271942e+03
9.785900034116508323e+03
9.787276920186623101e+03
9.787953486118465662e+03
9.788477759390460051e+03
9.789402370599818823e+03
9.790364384932036046e+03
9.791983400038892796e+03
9.792246728932375845e+03
9.793549999292037683e+03
9.793647618792512731e+03
9.794761051811066864e+03
9.795420031375642793e+03
9.796201811061875560e+03
9.797293024611317378e+03
9.798034191396092865e+03
9.799096192514176437e+03
9.800348712492730556e+03
9.800831815354951686e+03
9.801527598488981312e+03
9.802247218201908254e+03
9.803782724367467381e+03
9.804339386746743912e+03
9.804771010774446040e+03
9.805672191920601108e+03
9.806373069561859666e+03
9.807415268673012179e+03
9.808579426841199165e+03
9.809662905147581114e+03
9.810291826875660263e+03
9.811323107614278342e+03
9.812026190727499852e+03
9.812268979445580044e+03
9.813488974531113854e+03
9.814292509387760219e+03
9.815145409875074620e+03
9.816280725472366612e+03
9.816937616013130537e+03
9.817665816070328219e+03
9.818915101401562424e+03
9.819703209234132373e+03
9.820652109742502944e+03
9.821399312628915141e+03
9.821902829739245135e+03
9.823078061393203825e+03
9.823702895700076624e+03
9.824295346709679507e+03
9.825034070225097821e+03
9.826946695210841426e+03
9.827547832227359322e+03
9.828155753564818951e+03
9.828973287305270787e+03
9.829933473335917370e+03
9.830307902371356249e+03
9.831760429334100991e+03
9.832237602064833482e+03
9.833139694319812406e+03
9.833898350380037300e+03
9.834670764972765028e+03
9.836112660501270511e+03
9.836485906520354547e+03
9.837756654900431386e+03
9.838631071530686313e+03
9.839435359540697391e+03
9.840038249688897849e+03
9.840729469971664003e+03
9.841165565424500528e+03
9.842661664685199867e+03
9.843426278643086334e+03
9.844269014987097762e+03
9.845514484924075077e+03
9.846234022220622137e+03
9.846883790560701527e+03
9.847700262244547048e+03
9.848563597129890695e+03
9.849559686381093343e+03
9.850340915387203495e+03
9.851168115715308886e+03
9.851623956975879992e+03
9.852552236726618503e+03
9.853637530407182567e+03
9.855045803746470483e+03
9.856031386999542519e+03
9.856177060904510654e+03
9.856910175667162548e+03
9.858164581111084772e+03
9.858732414135967701e+03
9.859381159522503367e+03
9.860360205325458082e+03
9.861363515492228544e+03
9.862379013196930828e+03
9.863480482964539988e+03
9.863698339983144251e+03
9.864789829098051996e+03
9.866121993983968423e+03
9.866515268109411409e+03
9.867444225598539560e+03
9.868274452687335724e+03
9.868714659330642462e+03
9.869812878325987185e+03
9.870332258556616580e+03
9.872000623378133241e+03
9.872558666059603638e+03
9.873802220903648049e+03
9.874323957629063443e+03
9.875218994098846451e+03
9.875600956248756120e+03
9.876479017063784340e+03
9.877782654005501172e+03
9.878654772385692922e+03
9.879036733396569616e+03
9.879884490596799878e+03
9.881102360865354058e+03
9.882192215966333606e+03
9.882831960845038338e+03
9.883648049437513691e+03
9.884820980500271617e+03
9.885417235786022502e+03
9.885831209003690674e+03
9.886927710735841174e+03
9.887495618736771576e+03
9.888361557893202189e+03
9.890123508397477053e+03
9.890457523942801345e+03
9.891628625208284575e+03
9.892017784660500183e+03
9.892882951596244311e+03
9.893964140444149962e+03
9.894773148318747189e+03
9.895597360099307480e+03
9.896023338800157944e+03
9.897287439089346663e+03
9.898182959745887274e+03
9.898405455795065791e+03
9.900125286817557935e+03
9.901066140005894340e+03
9.901825966236685417e+03
9.902414483538097556e+03
9.903156618968769180e+03
9.903791439395430643e+03
9.904892760732265742e+03
9.905493254381219231e+03
9.906664873062418337e+03
9.907434385037664470e+03
9.908602150116692428e+03
9.909272060613606300e+03
9.910349448025855963e+03
9.910681429651764120e+03
9.911831981665543935e+03
9.912738467529918125e+03
9.913738705139337981e+03
9.914211424574838020e+03
9.914653565232147230e+03
9.915596173634192382e+03
9.917067913423512437e+03
9.918138431255651085e+03
9.918705972905998351e+03
9.919625835247099531e+03
9.920376610697596334e+03
9.921243519427358478e+03
9.921715530356679665e+03
9.922554020205690904e+03
9.923879935138664223e+03
9.924433066153649634e+03
9.925273041647407808e+03
9.926413061808583734e+03
9.927151435149744430e+03
9.927864383711184928e+03
9.929442999753495315e+03
9.929761473066551844e+03
9.930426213378845205e+03
9.931256052743141481e+03
9.932269131844621370e+03
9.932650954758233638e+03
9.933826454084355646e+03
9.934527161784926648e+03
9.936297215319616953e+03
9.936799862763818965e+03
9.937375081777039668e+03
9.938090292199618489e+03
9.938884224450977854e+03
9.940057687846332556e+03
9.940795859598652896e+03
9.941500484514215714e+03
9.942487113471517659e+03
9.942896982124982969e+03
9.944195973810468786e+03
9.945165420246661597e+03
9.946088848612185757e+03
9.947064628745418304e+03
9.947591101986550711e+03
9.948742044737879041e+03
9.949102999743172404e+03
9.949990912111168655e+03
9.950398845531955885e+03
9.951907364928711104e+03
9.952854372743591739e+03
9.953866783603150907e+03
9.954182584368703829e+03
9.955724033589023747e+03
9.956068336690646902e+03
9.956810139922614326e+03
9.958007999454681340e+03
9.958649698449124116e+03
9.959512987188623811e+03
9.960295355628037214e+03
9.960856547843392036e+03
9.961770868304298347e+03
9.963326931990735829e+03
9.964155267424641352e+03
9.964838469804184570e+03
9.965726087173101405e+03
9.966208217677962239e+03
9.966866343384534048e+03
9.968062474133754222e+03
9.969033371790907040e+03
9.969310627781915173e+03
9.970570859935058252e+03
9.971790012201232457e+03
9.972396338091193684e+03
9.973115830364513386e+03
9.973988018903699412e+03
9.975185148629796458e+03
9.976076448638154034e+03
9.976556270167453476e+03
9.976956671511266904e+03
9.978332770905872167e+03
9.978625188498595890e+03
9.979889859833108858e+03
9.981329076419307967e+03
9.981831091564839880e+03
9.982732872815278824e+03
9.983553013138041933e+03
9.984152707830424333e+03
9.985067624895307745e+03
9.985625469844353574e+03
9.986981163499285685e+03
9.987702430927793102e+03
9.988313141533621092e+03
9.989133283481587569e+03
9.990230332883673327e+03
9.991445890977603995e+03
9.992253150320328132e+03
9.992735143505607994e+03
9.993666948284755563e+03
9.994620085472670326e+03
9.995190600851283307e+03
9.995877231960972495e+03
9.996556933962112453e+03
9.998094860334975237e+03
9.998850397089674516e+03
1.000006534541453584e+04
1.000065184732376838e+04
1.000091817895561144e+04
1.000227912227288834e+04
1.000298032751222490e+04
1.000404705382816974e+04
1.000467940416606507e+04
1.000531033172764000e+04
1.000605275687465473e+04
1.000737287597238719e+04
1.000803424524281399e+04
1.000909926472347615e+04
1.001039626019788193e+04
1.001085914515824697e+04
1.001155164288245760e+04
1.001209837486001561e+04
1.001303306668510231e+04
1.001383681049050756e+04
1.001505539741391294e+04
1.001561096015224393e+04
1.001665550866067497e+04
1.001782860685467676e+04
1.001838073187774353e+04
1.001912115246578105e+04
1.002033125160616328e+04
1.002081049218328553e+04
1.002188317854229717e+04
1.002259197483976277e+04
1.002332769061839281e+04
1.002406673963999128e+04
1.002453809554174222e+04
1.002653338954002356e+04
1.002733481570880940e+04
1.002769344787471528e+04
1.002861249202452200e+04
1.002943127533480583e+04
1.003040694536226511e+04
1.003074792089255243e+04
1.003201399742856483e+04
1.003254437302004408e+04
1.003389876349872247e+04
1.003436226501726378e+04
1.003535503262460043e+04
1.003635717905772253e+04
1.003720101591146340e+04
1.003818539528255496e+04
1.003909110844391580e+04
1.003958690560927789e+04
1.004032363348422950e+04
1.004092166290352179e+04
1.004216551139217518e+04
1.004274088353137086e+04
1.004410607634678308e+04
1.004502780353470189e+04
1.004585775716032185e+04
1.004669665658156373e+04
1.004731708350254848e+04
1.004759243960200001e+04
